run,base_condition,target_condition,n_comparable,base_passed,target_passed,base_pass_rate,target_pass_rate,gain_count,loss_count,net_gain,net_gain_rate,both_pass_count,both_fail_count,exact_mcnemar_p,paired_difference_ci95_high,paired_difference_ci95_low
mbppplus,nl_only,nl_tests,378,241,269,0.6375661375661376,0.7116402116402116,44,16,28,0.07407407407407407,225,93,0.00039404324272610154,0.11375661375661375,0.03439153439153439
mbppplus,nl_only,shuffled_tests,378,241,261,0.6375661375661376,0.6904761904761905,39,19,20,0.05291005291005291,222,98,0.011928139715763179,0.09259259259259259,0.013227513227513227
mbppplus,nl_only,irrelevant_tests,378,241,166,0.6375661375661376,0.43915343915343913,11,86,-75,-0.1984126984126984,155,126,1.4342435250828832e-15,-0.15079365079365079,-0.24603174603174602
mbppplus,shuffled_tests,nl_tests,378,261,269,0.6904761904761905,0.7116402116402116,15,7,8,0.021164021164021163,254,102,0.13380050659179688,0.04497354497354497,-0.0026455026455026454
mbppplus,irrelevant_tests,nl_tests,378,166,269,0.43915343915343913,0.7116402116402116,116,13,103,0.2724867724867725,153,96,7.773637554307047e-22,0.3253968253968254,0.21957671957671956
humanevalplus,nl_only,nl_tests,164,128,128,0.7804878048780488,0.7804878048780488,8,8,0,0.0,120,28,1.0,0.04878048780487805,-0.04878048780487805
humanevalplus,nl_only,shuffled_tests,164,128,130,0.7804878048780488,0.7926829268292683,9,7,2,0.012195121951219513,121,27,0.803619384765625,0.06097560975609756,-0.036585365853658534
humanevalplus,nl_only,irrelevant_tests,164,128,116,0.7804878048780488,0.7073170731707317,7,19,-12,-0.07317073170731707,109,29,0.028959274291992188,-0.012195121951219513,-0.13414634146341464
humanevalplus,shuffled_tests,nl_tests,164,130,128,0.7926829268292683,0.7804878048780488,2,4,-2,-0.012195121951219513,126,32,0.6875,0.018292682926829267,-0.042682926829268296
humanevalplus,irrelevant_tests,nl_tests,164,116,128,0.7073170731707317,0.7804878048780488,15,3,12,0.07317073170731707,113,33,0.007537841796875,0.12804878048780488,0.024390243902439025
