run,task_id,dataset_name,entry_point,irrelevant_tests,nl_only,nl_tests,shuffled_tests
mbppplus,100,mbppplus,next_smallest_palindrome,0,1,0,0
mbppplus,101,mbppplus,kth_element,1,1,0,0
mbppplus,102,mbppplus,snake_to_camel,0,0,1,1
mbppplus,103,mbppplus,eulerian_num,0,0,1,1
mbppplus,104,mbppplus,sort_sublists,1,1,1,1
mbppplus,105,mbppplus,count,0,1,1,1
mbppplus,106,mbppplus,add_lists,0,1,1,1
mbppplus,108,mbppplus,merge_sorted_list,0,1,1,1
mbppplus,109,mbppplus,odd_Equivalent,0,0,0,0
mbppplus,11,mbppplus,remove_Occ,1,1,1,1
mbppplus,111,mbppplus,common_in_nested_lists,0,1,0,0
mbppplus,113,mbppplus,check_integer,0,0,0,0
mbppplus,116,mbppplus,tuple_to_int,1,1,1,1
mbppplus,118,mbppplus,string_to_list,1,1,1,1
mbppplus,119,mbppplus,search,0,0,0,0
mbppplus,12,mbppplus,sort_matrix,1,1,1,1
mbppplus,120,mbppplus,max_product_tuple,1,1,1,1
mbppplus,123,mbppplus,div_sum,0,0,0,0
mbppplus,124,mbppplus,angle_complex,0,0,0,0
mbppplus,125,mbppplus,find_length,1,1,1,1
mbppplus,126,mbppplus,sum,0,0,0,0
mbppplus,127,mbppplus,multiply_int,0,1,1,1
mbppplus,128,mbppplus,long_words,0,0,1,1
mbppplus,129,mbppplus,magic_square_test,1,1,1,1
mbppplus,130,mbppplus,max_occurrences,1,1,1,1
mbppplus,131,mbppplus,reverse_vowels,1,1,1,1
mbppplus,132,mbppplus,tup_string,0,1,1,1
mbppplus,133,mbppplus,sum_negativenum,1,1,1,1
mbppplus,135,mbppplus,hexagonal_num,1,1,1,1
mbppplus,137,mbppplus,zero_count,1,1,0,0
mbppplus,138,mbppplus,is_Sum_Of_Powers_Of_Two,0,0,0,0
mbppplus,139,mbppplus,circle_circumference,1,1,1,1
mbppplus,14,mbppplus,find_Volume,0,1,1,1
mbppplus,140,mbppplus,extract_singly,1,1,1,1
mbppplus,141,mbppplus,pancake_sort,0,0,1,1
mbppplus,142,mbppplus,count_samepair,1,0,0,0
mbppplus,145,mbppplus,max_Abs_Diff,0,1,1,1
mbppplus,16,mbppplus,text_lowercase_underscore,0,1,0,0
mbppplus,160,mbppplus,find_solution,0,0,0,0
mbppplus,161,mbppplus,remove_elements,1,1,1,1
mbppplus,162,mbppplus,sum_series,1,1,1,1
mbppplus,165,mbppplus,count_char_position,1,1,1,1
mbppplus,166,mbppplus,find_even_pair,1,1,1,1
mbppplus,167,mbppplus,next_power_of_2,1,1,1,0
mbppplus,168,mbppplus,frequency,1,1,1,1
mbppplus,17,mbppplus,square_perimeter,1,1,1,1
mbppplus,170,mbppplus,sum_range_list,1,1,1,1
mbppplus,171,mbppplus,perimeter_pentagon,1,1,1,1
mbppplus,172,mbppplus,count_occurance,1,1,1,1
mbppplus,18,mbppplus,remove_dirty_chars,1,1,1,1
mbppplus,19,mbppplus,test_duplicate,0,1,1,1
mbppplus,2,mbppplus,similar_elements,1,1,1,1
mbppplus,20,mbppplus,is_woodall,0,0,0,0
mbppplus,222,mbppplus,check_type,1,1,1,1
mbppplus,223,mbppplus,is_majority,0,0,0,0
mbppplus,224,mbppplus,count_Set_Bits,1,1,1,1
mbppplus,226,mbppplus,odd_values_string,0,1,1,1
mbppplus,227,mbppplus,min_of_three,0,1,1,1
mbppplus,230,mbppplus,replace_blank,0,1,1,1
mbppplus,232,mbppplus,larg_nnum,1,1,0,0
mbppplus,233,mbppplus,lateralsuface_cylinder,0,1,1,1
mbppplus,234,mbppplus,volume_cube,1,1,1,1
mbppplus,235,mbppplus,even_bit_set_number,0,0,0,0
mbppplus,237,mbppplus,check_occurences,0,0,0,0
mbppplus,238,mbppplus,number_of_substrings,1,1,1,1
mbppplus,239,mbppplus,get_total_number_of_sequences,1,0,0,0
mbppplus,240,mbppplus,replace_list,1,1,1,1
mbppplus,242,mbppplus,count_charac,0,1,1,1
mbppplus,244,mbppplus,next_Perfect_Square,0,0,0,0
mbppplus,245,mbppplus,max_sum,1,1,1,1
mbppplus,247,mbppplus,lps,1,1,1,1
mbppplus,250,mbppplus,count_X,1,1,1,1
mbppplus,251,mbppplus,insert_element,0,1,1,1
mbppplus,252,mbppplus,convert,0,0,0,0
mbppplus,253,mbppplus,count_integer,0,1,1,1
mbppplus,255,mbppplus,combinations_colors,0,0,0,0
mbppplus,256,mbppplus,count_Primes_nums,1,1,1,1
mbppplus,257,mbppplus,swap_numbers,1,1,1,1
mbppplus,259,mbppplus,maximize_elements,0,0,1,1
mbppplus,260,mbppplus,newman_prime,0,0,0,0
mbppplus,261,mbppplus,division_elements,1,1,1,1
mbppplus,262,mbppplus,split_two_parts,1,1,1,1
mbppplus,264,mbppplus,dog_age,0,1,1,1
mbppplus,265,mbppplus,list_split,0,0,1,0
mbppplus,266,mbppplus,lateralsurface_cube,1,1,1,1
mbppplus,267,mbppplus,square_Sum,0,0,0,1
mbppplus,268,mbppplus,find_star_num,0,1,1,1
mbppplus,269,mbppplus,ascii_value,0,1,1,1
mbppplus,270,mbppplus,sum_even_and_even_index,1,1,1,1
mbppplus,271,mbppplus,even_Power_Sum,1,1,0,1
mbppplus,272,mbppplus,rear_extract,0,1,1,1
mbppplus,273,mbppplus,substract_elements,1,1,1,1
mbppplus,274,mbppplus,even_binomial_Coeff_Sum,1,1,1,1
mbppplus,276,mbppplus,volume_cylinder,1,1,1,1
mbppplus,277,mbppplus,dict_filter,1,1,1,1
mbppplus,278,mbppplus,count_first_elements,0,0,0,0
mbppplus,279,mbppplus,is_num_decagonal,0,1,1,1
mbppplus,280,mbppplus,sequential_search,1,0,1,1
mbppplus,281,mbppplus,all_unique,0,1,1,1
mbppplus,282,mbppplus,sub_list,1,1,1,1
mbppplus,283,mbppplus,validate,1,1,1,1
mbppplus,284,mbppplus,check_element,1,1,1,1
mbppplus,285,mbppplus,text_match_two_three,1,1,1,1
mbppplus,286,mbppplus,max_sub_array_sum_repeated,1,1,1,1
mbppplus,287,mbppplus,square_Sum,0,1,1,1
mbppplus,290,mbppplus,max_length,0,0,1,1
mbppplus,292,mbppplus,find,0,1,1,1
mbppplus,293,mbppplus,otherside_rightangle,1,1,1,1
mbppplus,294,mbppplus,max_val,0,0,1,1
mbppplus,296,mbppplus,get_Inv_Count,0,1,1,1
mbppplus,297,mbppplus,flatten_list,1,1,1,1
mbppplus,299,mbppplus,max_aggregate,0,0,1,1
mbppplus,3,mbppplus,is_not_prime,0,1,1,1
mbppplus,300,mbppplus,count_binary_seq,0,0,0,0
mbppplus,301,mbppplus,dict_depth_aux,0,0,0,0
mbppplus,305,mbppplus,start_withp,0,0,0,0
mbppplus,306,mbppplus,max_sum_increasing_subseq,0,0,0,0
mbppplus,308,mbppplus,large_product,1,0,0,0
mbppplus,309,mbppplus,maximum,0,1,1,1
mbppplus,310,mbppplus,string_to_tuple,0,0,0,0
mbppplus,311,mbppplus,set_left_most_unset_bit,0,0,0,0
mbppplus,312,mbppplus,volume_cone,1,1,1,1
mbppplus,388,mbppplus,highest_Power_of_2,0,0,1,1
mbppplus,389,mbppplus,find_lucas,0,1,1,1
mbppplus,390,mbppplus,add_string,0,1,1,1
mbppplus,391,mbppplus,convert_list_dictionary,0,0,0,0
mbppplus,392,mbppplus,get_max_sum,0,0,1,1
mbppplus,394,mbppplus,check_distinct,0,1,1,1
mbppplus,395,mbppplus,first_non_repeating_character,1,1,1,1
mbppplus,397,mbppplus,median_numbers,1,1,1,1
mbppplus,398,mbppplus,sum_of_digits,0,0,1,1
mbppplus,4,mbppplus,heap_queue_largest,1,1,1,1
mbppplus,404,mbppplus,minimum,0,1,1,1
mbppplus,405,mbppplus,check_tuplex,1,1,1,1
mbppplus,406,mbppplus,find_Parity,1,0,0,0
mbppplus,409,mbppplus,min_product_tuple,1,1,0,0
mbppplus,410,mbppplus,min_val,0,0,0,1
mbppplus,412,mbppplus,remove_odd,1,1,1,0
mbppplus,413,mbppplus,extract_nth_element,1,1,1,1
mbppplus,414,mbppplus,overlapping,1,1,1,1
mbppplus,415,mbppplus,max_Product,0,0,0,0
mbppplus,418,mbppplus,Find_Max,0,1,1,1
mbppplus,419,mbppplus,round_and_sum,1,1,1,1
mbppplus,420,mbppplus,cube_Sum,0,1,1,1
mbppplus,421,mbppplus,concatenate_tuple,0,1,1,1
mbppplus,422,mbppplus,find_Average_Of_Cube,1,1,1,1
mbppplus,424,mbppplus,extract_rear,1,1,1,1
mbppplus,425,mbppplus,count_element_in_list,1,1,1,1
mbppplus,426,mbppplus,filter_oddnumbers,0,1,1,1
mbppplus,427,mbppplus,change_date_format,0,0,0,0
mbppplus,428,mbppplus,shell_sort,0,1,1,1
mbppplus,429,mbppplus,and_tuples,0,0,1,1
mbppplus,430,mbppplus,parabola_directrix,0,0,0,0
mbppplus,432,mbppplus,median_trapezium,0,1,1,1
mbppplus,433,mbppplus,check_greater,0,0,0,0
mbppplus,435,mbppplus,last_Digit,0,0,0,0
mbppplus,436,mbppplus,neg_nos,0,1,1,1
mbppplus,437,mbppplus,remove_odd,0,0,0,0
mbppplus,439,mbppplus,multiple_to_single,0,1,1,1
mbppplus,440,mbppplus,find_adverb_position,0,0,1,0
mbppplus,441,mbppplus,surfacearea_cube,1,1,1,1
mbppplus,445,mbppplus,index_multiplication,0,0,1,1
mbppplus,446,mbppplus,count_Occurrence,0,0,0,0
mbppplus,447,mbppplus,cube_nums,1,1,1,1
mbppplus,448,mbppplus,cal_sum,1,1,1,1
mbppplus,450,mbppplus,extract_string,0,0,1,1
mbppplus,451,mbppplus,remove_whitespaces,1,1,1,1
mbppplus,453,mbppplus,sumofFactors,1,0,0,1
mbppplus,454,mbppplus,text_match_wordz,0,0,0,0
mbppplus,455,mbppplus,check_monthnumb_number,0,1,1,1
mbppplus,456,mbppplus,reverse_string_list,1,1,1,1
mbppplus,457,mbppplus,Find_Min,1,1,1,1
mbppplus,458,mbppplus,rectangle_area,0,1,1,1
mbppplus,459,mbppplus,remove_uppercase,0,0,0,0
mbppplus,460,mbppplus,Extract,0,1,1,1
mbppplus,462,mbppplus,combinations_list,0,0,0,0
mbppplus,463,mbppplus,max_subarray_product,0,1,1,1
mbppplus,465,mbppplus,drop_empty,0,0,1,1
mbppplus,468,mbppplus,max_product,0,0,0,0
mbppplus,470,mbppplus,add_pairwise,1,0,1,1
mbppplus,471,mbppplus,find_remainder,1,1,1,1
mbppplus,472,mbppplus,check_Consecutive,1,1,0,0
mbppplus,473,mbppplus,tuple_intersection,0,0,1,1
mbppplus,474,mbppplus,replace_char,1,1,1,1
mbppplus,475,mbppplus,sort_counter,0,0,1,1
mbppplus,476,mbppplus,big_sum,1,1,1,1
mbppplus,477,mbppplus,is_lower,0,0,1,0
mbppplus,478,mbppplus,remove_lowercase,1,1,1,1
mbppplus,479,mbppplus,first_Digit,1,1,1,1
mbppplus,554,mbppplus,Split,1,1,1,1
mbppplus,555,mbppplus,difference,0,1,1,1
mbppplus,556,mbppplus,find_Odd_Pair,1,1,1,1
mbppplus,557,mbppplus,toggle_string,1,1,1,1
mbppplus,558,mbppplus,digit_distance_nums,0,0,0,0
mbppplus,559,mbppplus,max_sub_array_sum,0,0,0,0
mbppplus,56,mbppplus,check,1,1,1,1
mbppplus,560,mbppplus,union_elements,1,1,1,1
mbppplus,562,mbppplus,Find_Max_Length,0,1,1,1
mbppplus,563,mbppplus,extract_values,0,1,0,0
mbppplus,564,mbppplus,count_Pairs,1,1,1,1
mbppplus,565,mbppplus,split,0,1,1,1
mbppplus,566,mbppplus,sum_digits,1,1,1,1
mbppplus,567,mbppplus,issort_list,1,1,1,1
mbppplus,568,mbppplus,empty_list,1,1,1,1
mbppplus,569,mbppplus,sort_sublists,1,1,1,1
mbppplus,57,mbppplus,find_Max_Num,1,1,1,1
mbppplus,572,mbppplus,two_unique_nums,0,0,0,0
mbppplus,573,mbppplus,unique_product,1,1,1,1
mbppplus,576,mbppplus,is_Sub_Array,0,0,0,0
mbppplus,577,mbppplus,last_Digit_Factorial,0,0,0,0
mbppplus,578,mbppplus,interleave_lists,1,1,1,1
mbppplus,579,mbppplus,find_dissimilar,0,1,1,1
mbppplus,58,mbppplus,opposite_Signs,1,1,1,1
mbppplus,580,mbppplus,even_ele,0,0,0,1
mbppplus,581,mbppplus,surface_Area,1,1,1,1
mbppplus,583,mbppplus,catalan_number,1,1,1,1
mbppplus,585,mbppplus,expensive_items,0,0,1,1
mbppplus,586,mbppplus,split_Arr,0,1,1,1
mbppplus,587,mbppplus,list_tuple,1,1,1,1
mbppplus,588,mbppplus,big_diff,1,1,1,1
mbppplus,589,mbppplus,perfect_squares,0,0,0,0
mbppplus,59,mbppplus,is_octagonal,1,1,1,1
mbppplus,590,mbppplus,polar_rect,0,0,0,0
mbppplus,591,mbppplus,swap_List,1,1,1,1
mbppplus,592,mbppplus,binomial_Coeff,0,0,0,0
mbppplus,593,mbppplus,removezero_ip,0,0,0,0
mbppplus,594,mbppplus,diff_even_odd,1,1,1,1
mbppplus,596,mbppplus,tuple_size,0,0,1,1
mbppplus,597,mbppplus,find_kth,0,0,0,0
mbppplus,598,mbppplus,armstrong_number,1,1,1,1
mbppplus,599,mbppplus,sum_average,1,1,1,1
mbppplus,6,mbppplus,is_Power_Of_Two,0,0,1,1
mbppplus,600,mbppplus,is_Even,1,1,1,1
mbppplus,602,mbppplus,first_repeated_char,0,1,1,1
mbppplus,603,mbppplus,get_ludic,0,0,0,0
mbppplus,604,mbppplus,reverse_words,0,0,1,1
mbppplus,605,mbppplus,prime_num,0,1,1,1
mbppplus,606,mbppplus,radian_degree,1,1,1,1
mbppplus,607,mbppplus,find_literals,0,0,1,0
mbppplus,608,mbppplus,bell_Number,0,1,0,0
mbppplus,61,mbppplus,count_Substrings,1,1,0,0
mbppplus,610,mbppplus,remove_kth_element,0,0,0,0
mbppplus,611,mbppplus,max_of_nth,1,1,1,1
mbppplus,612,mbppplus,merge,1,1,1,1
mbppplus,614,mbppplus,cummulative_sum,0,0,1,1
mbppplus,615,mbppplus,average_tuple,0,0,0,0
mbppplus,616,mbppplus,tuple_modulo,1,1,1,1
mbppplus,618,mbppplus,div_list,0,1,1,1
mbppplus,619,mbppplus,move_num,0,0,1,0
mbppplus,62,mbppplus,smallest_num,1,1,1,1
mbppplus,620,mbppplus,largest_subset,0,0,0,0
mbppplus,622,mbppplus,get_median,1,0,0,0
mbppplus,623,mbppplus,nth_nums,1,1,1,1
mbppplus,624,mbppplus,is_upper,1,0,1,1
mbppplus,626,mbppplus,triangle_area,0,0,0,0
mbppplus,628,mbppplus,replace_spaces,1,1,1,1
mbppplus,629,mbppplus,Split,0,1,1,1
mbppplus,63,mbppplus,max_difference,0,0,1,1
mbppplus,630,mbppplus,adjac,0,0,0,0
mbppplus,631,mbppplus,replace_spaces,0,0,0,1
mbppplus,632,mbppplus,move_zero,1,1,1,1
mbppplus,633,mbppplus,pair_xor_Sum,1,1,1,1
mbppplus,635,mbppplus,heap_sort,1,1,1,1
mbppplus,637,mbppplus,noprofit_noloss,1,0,1,1
mbppplus,638,mbppplus,wind_chill,0,1,1,0
mbppplus,639,mbppplus,sample_nam,0,0,0,0
mbppplus,64,mbppplus,subject_marks,0,1,1,1
mbppplus,641,mbppplus,is_nonagonal,0,1,1,1
mbppplus,643,mbppplus,text_match_wordz_middle,0,1,1,1
mbppplus,644,mbppplus,reverse_Array_Upto_K,1,1,1,1
mbppplus,65,mbppplus,recursive_list_sum,0,1,1,1
mbppplus,66,mbppplus,pos_count,1,1,1,1
mbppplus,67,mbppplus,bell_number,0,0,0,0
mbppplus,68,mbppplus,is_Monotonic,1,1,1,1
mbppplus,69,mbppplus,is_sublist,0,0,0,0
mbppplus,7,mbppplus,find_char_long,0,0,0,0
mbppplus,70,mbppplus,get_equal,0,1,1,1
mbppplus,71,mbppplus,comb_sort,1,1,1,1
mbppplus,72,mbppplus,dif_Square,0,0,0,0
mbppplus,720,mbppplus,add_dict_to_tuple,1,1,1,1
mbppplus,721,mbppplus,maxAverageOfPath,1,1,1,1
mbppplus,722,mbppplus,filter_data,0,1,1,0
mbppplus,723,mbppplus,count_same_pair,1,1,1,1
mbppplus,724,mbppplus,power_base_sum,1,1,1,1
mbppplus,725,mbppplus,extract_quotation,0,0,0,0
mbppplus,726,mbppplus,multiply_elements,1,1,1,1
mbppplus,728,mbppplus,sum_list,1,1,1,1
mbppplus,730,mbppplus,consecutive_duplicates,1,1,1,1
mbppplus,731,mbppplus,lateralsurface_cone,1,1,1,1
mbppplus,732,mbppplus,replace_specialchar,1,1,1,1
mbppplus,733,mbppplus,find_first_occurrence,1,1,1,1
mbppplus,734,mbppplus,sum_Of_Subarray_Prod,0,0,0,0
mbppplus,735,mbppplus,toggle_middle_bits,0,0,0,0
mbppplus,736,mbppplus,left_insertion,1,1,1,1
mbppplus,737,mbppplus,check_str,1,1,1,1
mbppplus,739,mbppplus,find_Index,0,0,0,0
mbppplus,74,mbppplus,is_samepatterns,0,0,0,0
mbppplus,740,mbppplus,tuple_to_dict,0,1,1,1
mbppplus,741,mbppplus,all_Characters_Same,0,1,0,0
mbppplus,742,mbppplus,area_tetrahedron,0,1,1,1
mbppplus,743,mbppplus,rotate_right,0,0,1,1
mbppplus,744,mbppplus,check_none,1,1,1,1
mbppplus,745,mbppplus,divisible_by_digits,0,1,0,0
mbppplus,748,mbppplus,capital_words_spaces,0,0,0,0
mbppplus,749,mbppplus,sort_numeric_strings,0,1,1,1
mbppplus,75,mbppplus,find_tuples,1,1,1,1
mbppplus,750,mbppplus,add_tuple,0,0,1,0
mbppplus,751,mbppplus,check_min_heap_helper,0,0,0,0
mbppplus,752,mbppplus,jacobsthal_num,0,0,0,0
mbppplus,753,mbppplus,min_k,0,0,1,1
mbppplus,754,mbppplus,extract_index_list,0,1,0,0
mbppplus,755,mbppplus,second_smallest,0,0,0,0
mbppplus,757,mbppplus,count_reverse_pairs,0,0,0,0
mbppplus,758,mbppplus,unique_sublists,1,1,1,1
mbppplus,759,mbppplus,is_decimal,0,0,0,0
mbppplus,760,mbppplus,unique_Element,0,1,1,1
mbppplus,762,mbppplus,check_monthnumber_number,1,0,1,1
mbppplus,763,mbppplus,find_min_diff,0,0,0,0
mbppplus,764,mbppplus,number_ctr,1,1,1,1
mbppplus,765,mbppplus,is_polite,0,0,0,0
mbppplus,766,mbppplus,pair_wise,1,1,1,1
mbppplus,767,mbppplus,get_pairs_count,1,1,1,1
mbppplus,769,mbppplus,Diff,0,0,1,0
mbppplus,77,mbppplus,is_Diff,0,0,0,0
mbppplus,770,mbppplus,odd_num_sum,1,1,1,1
mbppplus,771,mbppplus,check_expression,0,0,0,0
mbppplus,772,mbppplus,remove_length,1,1,1,1
mbppplus,773,mbppplus,occurance_substring,0,0,1,1
mbppplus,775,mbppplus,odd_position,0,1,1,1
mbppplus,777,mbppplus,find_sum,0,0,0,0
mbppplus,778,mbppplus,pack_consecutive_duplicates,0,1,1,1
mbppplus,780,mbppplus,find_combinations,0,0,0,0
mbppplus,781,mbppplus,count_divisors,0,0,0,0
mbppplus,782,mbppplus,odd_length_sum,0,0,0,0
mbppplus,784,mbppplus,mul_even_odd,1,1,1,1
mbppplus,785,mbppplus,tuple_str_int,0,0,1,1
mbppplus,786,mbppplus,right_insertion,1,1,1,1
mbppplus,787,mbppplus,text_match_three,1,1,1,1
mbppplus,788,mbppplus,new_tuple,0,0,1,0
mbppplus,79,mbppplus,word_len,0,1,1,1
mbppplus,790,mbppplus,even_position,0,0,0,0
mbppplus,791,mbppplus,remove_nested,0,1,1,1
mbppplus,792,mbppplus,count_list,0,0,0,0
mbppplus,793,mbppplus,last,1,1,1,1
mbppplus,794,mbppplus,text_starta_endb,1,1,1,1
mbppplus,796,mbppplus,return_sum,0,1,1,1
mbppplus,797,mbppplus,sum_odd,0,0,0,0
mbppplus,798,mbppplus,_sum,0,1,1,1
mbppplus,799,mbppplus,left_rotate,0,1,1,1
mbppplus,8,mbppplus,square_nums,1,1,1,1
mbppplus,80,mbppplus,tetrahedral_number,0,1,1,1
mbppplus,800,mbppplus,remove_all_spaces,1,1,1,1
mbppplus,801,mbppplus,test_three_equal,0,1,1,0
mbppplus,803,mbppplus,is_perfect_square,0,0,0,0
mbppplus,804,mbppplus,is_product_even,1,1,1,1
mbppplus,805,mbppplus,max_sum_list,1,1,1,1
mbppplus,806,mbppplus,max_run_uppercase,0,0,0,0
mbppplus,807,mbppplus,first_odd,1,1,1,1
mbppplus,808,mbppplus,check_K,0,0,1,1
mbppplus,809,mbppplus,check_smaller,0,1,0,1
mbppplus,82,mbppplus,volume_sphere,1,1,1,1
mbppplus,84,mbppplus,sequence,0,0,0,0
mbppplus,85,mbppplus,surfacearea_sphere,0,1,1,1
mbppplus,86,mbppplus,centered_hexagonal_number,0,1,1,1
mbppplus,87,mbppplus,merge_dictionaries_three,1,1,1,1
mbppplus,88,mbppplus,freq_count,0,1,1,1
mbppplus,89,mbppplus,closest_num,0,0,1,0
mbppplus,9,mbppplus,find_Rotations,0,0,1,0
mbppplus,90,mbppplus,len_log,0,1,1,1
mbppplus,91,mbppplus,find_substring,0,0,1,1
mbppplus,92,mbppplus,is_undulating,0,0,0,0
mbppplus,93,mbppplus,power,1,1,1,1
mbppplus,94,mbppplus,index_minimum,0,1,1,1
mbppplus,95,mbppplus,Find_Min_Length,1,1,1,1
mbppplus,96,mbppplus,divisor,0,1,1,1
mbppplus,97,mbppplus,frequency_lists,1,1,1,1
mbppplus,98,mbppplus,multiply_num,1,1,1,1
mbppplus,99,mbppplus,decimal_to_binary,0,0,0,0
humanevalplus,HumanEval/0,humanevalplus,has_close_elements,1,1,1,1
humanevalplus,HumanEval/1,humanevalplus,separate_paren_groups,1,1,1,1
humanevalplus,HumanEval/10,humanevalplus,make_palindrome,0,0,0,0
humanevalplus,HumanEval/100,humanevalplus,make_a_pile,1,1,0,0
humanevalplus,HumanEval/101,humanevalplus,words_string,0,1,0,0
humanevalplus,HumanEval/102,humanevalplus,choose_num,0,1,0,1
humanevalplus,HumanEval/103,humanevalplus,rounded_avg,1,1,1,1
humanevalplus,HumanEval/104,humanevalplus,unique_digits,1,1,1,1
humanevalplus,HumanEval/105,humanevalplus,by_length,1,1,1,1
humanevalplus,HumanEval/106,humanevalplus,f,1,1,1,1
humanevalplus,HumanEval/107,humanevalplus,even_odd_palindrome,1,1,1,1
humanevalplus,HumanEval/108,humanevalplus,count_nums,0,0,0,0
humanevalplus,HumanEval/109,humanevalplus,move_one_ball,1,1,1,1
humanevalplus,HumanEval/11,humanevalplus,string_xor,1,1,1,1
humanevalplus,HumanEval/110,humanevalplus,exchange,1,1,1,1
humanevalplus,HumanEval/111,humanevalplus,histogram,0,1,0,0
humanevalplus,HumanEval/112,humanevalplus,reverse_delete,1,1,1,1
humanevalplus,HumanEval/113,humanevalplus,odd_count,0,0,1,1
humanevalplus,HumanEval/114,humanevalplus,minSubArraySum,1,0,1,1
humanevalplus,HumanEval/115,humanevalplus,max_fill,0,0,0,0
humanevalplus,HumanEval/116,humanevalplus,sort_array,1,1,1,1
humanevalplus,HumanEval/117,humanevalplus,select_words,1,1,1,1
humanevalplus,HumanEval/118,humanevalplus,get_closest_vowel,1,1,1,1
humanevalplus,HumanEval/119,humanevalplus,match_parens,0,0,0,0
humanevalplus,HumanEval/12,humanevalplus,longest,1,1,1,1
humanevalplus,HumanEval/120,humanevalplus,maximum,0,0,0,0
humanevalplus,HumanEval/121,humanevalplus,solution,1,1,1,1
humanevalplus,HumanEval/122,humanevalplus,add_elements,1,1,1,1
humanevalplus,HumanEval/123,humanevalplus,get_odd_collatz,1,1,1,1
humanevalplus,HumanEval/124,humanevalplus,valid_date,0,0,0,0
humanevalplus,HumanEval/125,humanevalplus,split_words,1,1,1,1
humanevalplus,HumanEval/126,humanevalplus,is_sorted,0,0,0,1
humanevalplus,HumanEval/127,humanevalplus,intersection,0,0,0,0
humanevalplus,HumanEval/128,humanevalplus,prod_signs,1,1,1,1
humanevalplus,HumanEval/129,humanevalplus,minPath,0,0,0,0
humanevalplus,HumanEval/13,humanevalplus,greatest_common_divisor,1,1,1,1
humanevalplus,HumanEval/130,humanevalplus,tri,0,0,0,0
humanevalplus,HumanEval/131,humanevalplus,digits,1,1,1,1
humanevalplus,HumanEval/132,humanevalplus,is_nested,0,0,0,0
humanevalplus,HumanEval/133,humanevalplus,sum_squares,1,1,1,1
humanevalplus,HumanEval/134,humanevalplus,check_if_last_char_is_a_letter,1,0,1,0
humanevalplus,HumanEval/135,humanevalplus,can_arrange,0,0,0,0
humanevalplus,HumanEval/136,humanevalplus,largest_smallest_integers,1,1,1,1
humanevalplus,HumanEval/137,humanevalplus,compare_one,1,1,1,1
humanevalplus,HumanEval/138,humanevalplus,is_equal_to_sum_even,0,1,1,1
humanevalplus,HumanEval/139,humanevalplus,special_factorial,0,1,0,0
humanevalplus,HumanEval/14,humanevalplus,all_prefixes,1,1,1,1
humanevalplus,HumanEval/140,humanevalplus,fix_spaces,1,1,1,1
humanevalplus,HumanEval/141,humanevalplus,file_name_check,1,0,1,1
humanevalplus,HumanEval/142,humanevalplus,sum_squares,1,1,1,1
humanevalplus,HumanEval/143,humanevalplus,words_in_sentence,1,1,1,1
humanevalplus,HumanEval/144,humanevalplus,simplify,1,1,1,1
humanevalplus,HumanEval/145,humanevalplus,order_by_points,0,0,0,0
humanevalplus,HumanEval/146,humanevalplus,specialFilter,1,1,1,1
humanevalplus,HumanEval/147,humanevalplus,get_max_triples,1,1,1,1
humanevalplus,HumanEval/148,humanevalplus,bf,1,1,1,1
humanevalplus,HumanEval/149,humanevalplus,sorted_list_sum,1,1,1,1
humanevalplus,HumanEval/15,humanevalplus,string_sequence,1,1,1,1
humanevalplus,HumanEval/150,humanevalplus,x_or_y,1,1,1,1
humanevalplus,HumanEval/151,humanevalplus,double_the_difference,1,1,1,1
humanevalplus,HumanEval/152,humanevalplus,compare,1,1,1,1
humanevalplus,HumanEval/153,humanevalplus,Strongest_Extension,1,0,0,0
humanevalplus,HumanEval/154,humanevalplus,cycpattern_check,0,0,0,0
humanevalplus,HumanEval/155,humanevalplus,even_odd_count,1,1,1,1
humanevalplus,HumanEval/156,humanevalplus,int_to_mini_roman,1,1,1,1
humanevalplus,HumanEval/157,humanevalplus,right_angle_triangle,1,1,1,1
humanevalplus,HumanEval/158,humanevalplus,find_max,0,1,1,1
humanevalplus,HumanEval/159,humanevalplus,eat,1,1,1,1
humanevalplus,HumanEval/16,humanevalplus,count_distinct_characters,1,1,1,1
humanevalplus,HumanEval/160,humanevalplus,do_algebra,0,0,0,0
humanevalplus,HumanEval/161,humanevalplus,solve,0,1,1,1
humanevalplus,HumanEval/162,humanevalplus,string_to_md5,1,1,1,1
humanevalplus,HumanEval/163,humanevalplus,generate_integers,0,0,0,0
humanevalplus,HumanEval/17,humanevalplus,parse_music,1,1,1,1
humanevalplus,HumanEval/18,humanevalplus,how_many_times,1,1,1,1
humanevalplus,HumanEval/19,humanevalplus,sort_numbers,1,1,1,1
humanevalplus,HumanEval/2,humanevalplus,truncate_number,1,1,1,1
humanevalplus,HumanEval/20,humanevalplus,find_closest_elements,1,1,1,1
humanevalplus,HumanEval/21,humanevalplus,rescale_to_unit,1,1,1,1
humanevalplus,HumanEval/22,humanevalplus,filter_integers,0,0,0,0
humanevalplus,HumanEval/23,humanevalplus,strlen,1,1,1,1
humanevalplus,HumanEval/24,humanevalplus,largest_divisor,1,1,1,1
humanevalplus,HumanEval/25,humanevalplus,factorize,0,1,1,1
humanevalplus,HumanEval/26,humanevalplus,remove_duplicates,0,0,0,1
humanevalplus,HumanEval/27,humanevalplus,flip_case,1,1,1,1
humanevalplus,HumanEval/28,humanevalplus,concatenate,1,1,1,1
humanevalplus,HumanEval/29,humanevalplus,filter_by_prefix,1,1,1,1
humanevalplus,HumanEval/3,humanevalplus,below_zero,1,1,1,1
humanevalplus,HumanEval/30,humanevalplus,get_positive,1,1,1,1
humanevalplus,HumanEval/31,humanevalplus,is_prime,1,1,1,1
humanevalplus,HumanEval/32,humanevalplus,find_zero,0,0,0,0
humanevalplus,HumanEval/33,humanevalplus,sort_third,0,1,0,0
humanevalplus,HumanEval/34,humanevalplus,unique,1,1,1,1
humanevalplus,HumanEval/35,humanevalplus,max_element,1,1,1,1
humanevalplus,HumanEval/36,humanevalplus,fizz_buzz,0,1,1,1
humanevalplus,HumanEval/37,humanevalplus,sort_even,1,1,1,1
humanevalplus,HumanEval/38,humanevalplus,decode_cyclic,0,0,0,0
humanevalplus,HumanEval/39,humanevalplus,prime_fib,0,1,1,1
humanevalplus,HumanEval/4,humanevalplus,mean_absolute_deviation,1,1,1,1
humanevalplus,HumanEval/40,humanevalplus,triples_sum_to_zero,1,1,1,1
humanevalplus,HumanEval/41,humanevalplus,car_race_collision,1,1,1,1
humanevalplus,HumanEval/42,humanevalplus,incr_list,1,1,1,1
humanevalplus,HumanEval/43,humanevalplus,pairs_sum_to_zero,1,1,1,1
humanevalplus,HumanEval/44,humanevalplus,change_base,0,1,1,1
humanevalplus,HumanEval/45,humanevalplus,triangle_area,1,1,1,1
humanevalplus,HumanEval/46,humanevalplus,fib4,1,1,1,1
humanevalplus,HumanEval/47,humanevalplus,median,1,1,1,1
humanevalplus,HumanEval/48,humanevalplus,is_palindrome,1,0,1,1
humanevalplus,HumanEval/49,humanevalplus,modp,1,1,1,1
humanevalplus,HumanEval/5,humanevalplus,intersperse,1,1,1,1
humanevalplus,HumanEval/50,humanevalplus,decode_shift,0,0,0,0
humanevalplus,HumanEval/51,humanevalplus,remove_vowels,1,1,1,1
humanevalplus,HumanEval/52,humanevalplus,below_threshold,1,1,1,1
humanevalplus,HumanEval/53,humanevalplus,add,0,1,1,1
humanevalplus,HumanEval/54,humanevalplus,same_chars,1,1,1,1
humanevalplus,HumanEval/55,humanevalplus,fib,1,1,1,1
humanevalplus,HumanEval/56,humanevalplus,correct_bracketing,1,1,1,1
humanevalplus,HumanEval/57,humanevalplus,monotonic,0,1,1,1
humanevalplus,HumanEval/58,humanevalplus,common,0,1,1,1
humanevalplus,HumanEval/59,humanevalplus,largest_prime_factor,1,1,0,1
humanevalplus,HumanEval/6,humanevalplus,parse_nested_parens,1,1,1,1
humanevalplus,HumanEval/60,humanevalplus,sum_to_n,0,1,1,1
humanevalplus,HumanEval/61,humanevalplus,correct_bracketing,1,1,1,1
humanevalplus,HumanEval/62,humanevalplus,derivative,1,1,1,1
humanevalplus,HumanEval/63,humanevalplus,fibfib,1,1,1,1
humanevalplus,HumanEval/64,humanevalplus,vowels_count,1,1,1,1
humanevalplus,HumanEval/65,humanevalplus,circular_shift,0,0,0,0
humanevalplus,HumanEval/66,humanevalplus,digitSum,1,1,1,1
humanevalplus,HumanEval/67,humanevalplus,fruit_distribution,1,1,1,1
humanevalplus,HumanEval/68,humanevalplus,pluck,1,1,1,1
humanevalplus,HumanEval/69,humanevalplus,search,1,1,1,1
humanevalplus,HumanEval/7,humanevalplus,filter_by_substring,1,1,1,1
humanevalplus,HumanEval/70,humanevalplus,strange_sort_list,1,1,1,1
humanevalplus,HumanEval/71,humanevalplus,triangle_area,1,1,1,1
humanevalplus,HumanEval/72,humanevalplus,will_it_fly,1,1,1,1
humanevalplus,HumanEval/73,humanevalplus,smallest_change,1,1,1,1
humanevalplus,HumanEval/74,humanevalplus,total_match,1,1,1,1
humanevalplus,HumanEval/75,humanevalplus,is_multiply_prime,1,0,1,1
humanevalplus,HumanEval/76,humanevalplus,is_simple_power,0,0,0,0
humanevalplus,HumanEval/77,humanevalplus,iscube,1,1,1,1
humanevalplus,HumanEval/78,humanevalplus,hex_key,1,1,1,1
humanevalplus,HumanEval/79,humanevalplus,decimal_to_binary,1,1,1,0
humanevalplus,HumanEval/8,humanevalplus,sum_product,1,1,1,1
humanevalplus,HumanEval/80,humanevalplus,is_happy,1,1,1,1
humanevalplus,HumanEval/81,humanevalplus,numerical_letter_grade,1,1,1,1
humanevalplus,HumanEval/82,humanevalplus,prime_length,1,1,1,1
humanevalplus,HumanEval/83,humanevalplus,starts_one_ends,0,0,1,1
humanevalplus,HumanEval/84,humanevalplus,solve,0,0,0,0
humanevalplus,HumanEval/85,humanevalplus,add,0,1,1,1
humanevalplus,HumanEval/86,humanevalplus,anti_shuffle,0,0,0,0
humanevalplus,HumanEval/87,humanevalplus,get_row,0,1,0,0
humanevalplus,HumanEval/88,humanevalplus,sort_array,1,1,1,1
humanevalplus,HumanEval/89,humanevalplus,encrypt,1,1,1,1
humanevalplus,HumanEval/9,humanevalplus,rolling_max,1,1,1,1
humanevalplus,HumanEval/90,humanevalplus,next_smallest,1,1,1,1
humanevalplus,HumanEval/91,humanevalplus,is_bored,0,0,0,0
humanevalplus,HumanEval/92,humanevalplus,any_int,1,1,1,1
humanevalplus,HumanEval/93,humanevalplus,encode,0,0,0,0
humanevalplus,HumanEval/94,humanevalplus,skjkasdkd,1,1,1,1
humanevalplus,HumanEval/95,humanevalplus,check_dict_case,1,1,1,1
humanevalplus,HumanEval/96,humanevalplus,count_up_to,1,1,1,1
humanevalplus,HumanEval/97,humanevalplus,multiply,1,1,1,1
humanevalplus,HumanEval/98,humanevalplus,count_upper,0,1,1,1
humanevalplus,HumanEval/99,humanevalplus,closest_integer,1,0,1,1
