model,layer,depth,median_cosine_distance,median_relative_l2,pooled_spearman,pooled_spearman_lo,pooled_spearman_hi,within_family_spearman,within_family_spearman_lo,within_family_spearman_hi,within_family_length_adjusted_correlation,within_family_length_adjusted_correlation_lo,within_family_length_adjusted_correlation_hi
qwen25,0,0.0,2.220446049250313e-16,0.0,nan,,,nan,,,nan,,
qwen25,1,0.03571428571428571,0.000154619883162177,0.01777790410621844,0.22638726999560693,-0.12067078978744747,0.5086049476854941,0.16212869667555552,0.021597969886241554,0.28665992577177274,0.16446337225794092,0.04079748635544247,0.2773864274647029
qwen25,2,0.07142857142857142,0.00028313704980009735,0.02388984615244759,0.19951665523599602,-0.13058038397838553,0.47553450473631487,0.11278518029603862,-0.10482848367219184,0.2691255681435181,0.12561693504171087,-0.007442290178062799,0.23697304451216555
qwen25,3,0.10714285714285714,0.0003929663335582867,0.028142056394579333,0.20291215219981212,-0.10967562998707928,0.4660374159991201,0.13745693848579707,-0.11338934190276816,0.3551605216504168,0.17074842221664965,-0.03586822525544105,0.35003172780233677
qwen25,4,0.14285714285714285,0.0005078702906560206,0.03208183665230609,0.2035238409910878,-0.10111968776204693,0.4577112198496782,0.17270230732830916,-0.010482848367219183,0.3647356165373015,0.21376908055935817,-0.00507599932719244,0.3833585114230463
qwen25,5,0.17857142857142858,0.0005310873009931605,0.03269161853909171,0.20404814566932414,-0.11626043434763873,0.47521969950290943,0.2008986024023188,0.01292191476761844,0.3726354020448713,0.2366289972288162,0.06331669493593069,0.3845642158677969
qwen25,6,0.21428571428571427,0.0004528553851781414,0.030460576603710425,0.17677181895631608,-0.15742000360147698,0.4348308313315196,0.038769905726763275,-0.13897584579446068,0.2618614682831909,0.06530794510846655,-0.08984312781410102,0.2682678560672254
qwen25,7,0.25,0.0003740618000021567,0.027939380800376765,0.16561786109907456,-0.15568465905835002,0.4231856334920679,0.08106434833777776,-0.09827076298239908,0.2761477370097816,0.11908789107280732,-0.02432024119758675,0.28778853345757055
qwen25,8,0.2857142857142857,0.0004283847280213693,0.02972449626416554,0.15219815802516898,-0.14669986833483342,0.4024398646285983,0.02467175818975845,-0.22595468456433732,0.2672612419124244,0.03702511161048877,-0.15505415677932066,0.25825693247838793
qwen25,9,0.32142857142857145,0.0003841909523459863,0.02783288573690234,0.13935893513073933,-0.13802463836098933,0.38281143703672743,0.0493435163795169,-0.1628453482386807,0.26733869978843816,0.07625065990133177,-0.09911322434848757,0.2751606299342677
qwen25,10,0.35714285714285715,0.0004125164641887169,0.029143945121019976,0.10577846883417565,-0.15944352940641893,0.33819031921980325,-0.06696620080077294,-0.24750859419761706,0.06583199640591307,-0.07969431521163613,-0.19607835030306078,0.03530556265114729
qwen25,11,0.39285714285714285,0.00038078112847661494,0.027950432334409518,0.1034253395044722,-0.16159614502609687,0.3394703994850667,-0.08811342210628018,-0.27692405112446516,0.09434563530497266,-0.12060524900767339,-0.2441260255762381,0.026037171691615887
qwen25,12,0.42857142857142855,0.0004033899264512253,0.028589094132164324,0.10040434588225346,-0.18250487032695614,0.34603752601246907,-0.06696620080077294,-0.2620712091804796,0.10014294960600767,-0.08963180425097517,-0.21294901017370887,0.04564531519734238
qwen25,13,0.4642857142857143,0.0003646280278687408,0.02711851486912415,0.11089043944697967,-0.17290148011525253,0.35436583014728523,-0.07049073768502415,-0.23365076513297683,0.09686196045011367,-0.09102126158845104,-0.23265555141505478,0.03907494155808096
qwen25,14,0.5,0.0003749328454146772,0.02752732911634529,0.13163168284911372,-0.18527757051506316,0.39021963920591884,-0.04581897949526569,-0.272412360601523,0.1851640199545103,-0.05012700753848084,-0.23607428845814232,0.16408995245674227
qwen25,15,0.5357142857142857,0.0003672718368426531,0.027157374863333368,0.11905461229380222,-0.19677381562906765,0.3824219240500011,-0.03524536884251207,-0.19120524478883533,0.11619682164700802,-0.04680090272286901,-0.18816027999122498,0.08751684154466771
qwen25,16,0.5714285714285714,0.00038803002161702516,0.027897136389003964,0.13793582243266936,-0.17884884642639545,0.39673737436239276,-0.031720831958260864,-0.14598340521725692,0.07142857142857142,-0.04376339355901584,-0.19495200263413717,0.06955255588039282
qwen25,17,0.6071428571428571,0.0004065886082534331,0.028531677013192536,0.1553065357604271,-0.1462682552806475,0.40791822282240053,0.0493435163795169,-0.12491184275364493,0.1829614808502147,0.04679784133024483,-0.031388967842563696,0.13433826782473648
qwen25,18,0.6428571428571429,0.0004179106572193003,0.028947223510090672,0.1481597636582774,-0.14511778908852282,0.39464203901378714,0.06696620080077294,-0.08907337387831413,0.22516087042825503,0.0689763895467994,-0.01928654918533762,0.17230425115980416
qwen25,19,0.6785714285714286,0.00046773814037304184,0.030631544881510687,0.1856038560956539,-0.10417958553348841,0.4240676104229994,0.09163795899053138,-0.13456278407175906,0.3086224447623321,0.10078531004663047,-0.04589481554982692,0.27240101369748504
qwen25,20,0.7142857142857143,0.0003715327056912354,0.02730906803656077,0.1856912402086933,-0.09606025402047837,0.4145143982326567,0.06696620080077294,-0.14533024159093358,0.2939873661036668,0.07561001497039661,-0.1392137020737764,0.26678681413091593
qwen25,21,0.75,0.0004049519249319511,0.028610156511969076,0.20727511612942143,-0.07639290614154863,0.4264246690509842,0.07049073768502415,-0.17104719482395161,0.2964952068170837,0.07581926240379386,-0.13773388284350055,0.26874704348712464
qwen25,22,0.7857142857142857,0.0004325634850376736,0.02942309110084696,0.20291839392217206,-0.08260682040106358,0.4290369169859709,0.09163795899053138,-0.15508257472990394,0.3088174872493357,0.1038074858252519,-0.13105433893850538,0.3055057320084547
qwen25,23,0.8214285714285714,0.000448923557121339,0.030068085450916243,0.19394279716855523,-0.09091624035416102,0.4198657990150634,0.08811342210628018,-0.20895534848942648,0.35181418716902485,0.10033948970944354,-0.18008248213727632,0.34055528257002277
qwen25,24,0.8571428571428571,0.00045977109292255625,0.030491015639182224,0.22424011750378203,-0.04824420873923715,0.43182172265505236,0.06696620080077294,-0.21239769762143662,0.30294846538680137,0.08055711960516891,-0.18802283209425036,0.3261533945740811
qwen25,25,0.8928571428571429,0.0005668335412024605,0.033672511003198194,0.2204638754760086,-0.03959037502025816,0.42024472716565175,0.02467175818975845,-0.23521874676835056,0.25487723714572397,0.02847883413694864,-0.19958681325584368,0.26026330361422
qwen25,26,0.9285714285714286,0.0004671209652386543,0.030576200102794278,0.22766682307939792,-0.030022943135475412,0.42443032749409043,0.003524536884251207,-0.2660635109561394,0.2479671041268661,0.0013109337226914048,-0.25659948972150554,0.2521173858776278
qwen25,27,0.9642857142857143,0.00036941477250657107,0.0272155147769855,0.2330409460313201,-0.03214647335821939,0.43091388069652187,0.02467175818975845,-0.2552666490283197,0.2672612419124244,0.021753073916178593,-0.24644653184380838,0.25678637908775864
qwen25,28,1.0,0.0006592834856206098,0.036794146225704705,0.22197437228711797,-0.03166778877129953,0.42064845048969923,0.0528680532637681,-0.1586877510790161,0.22772163458297687,0.05139765694401187,-0.17598698369121138,0.2042224366010788
qwen36,0,0.0,2.220446049250313e-16,0.0,nan,,,nan,,,nan,,
qwen36,1,0.015625,9.707856410412496e-07,0.0014641695421954925,0.2672775623066872,-0.06350069227396056,0.5710570465766973,0.22679300018974338,0.01843050340114831,0.4291649325284559,0.2077889995183539,0.0019386851042490765,0.3910211691907046
qwen36,2,0.03125,1.7886762390673105e-06,0.0021576161125192277,0.18798036364412646,-0.12437695949132767,0.498544822249668,0.16818357317441643,-0.07264927005030641,0.38650186193863756,0.14531931992690006,-0.09250618378961456,0.35295655484124283
qwen36,3,0.046875,4.614780982847844e-06,0.00466125355384772,0.2128388762510336,-0.10164879552828562,0.5067039415942991,0.11721885403065388,-0.093795791799291,0.32732683535398854,0.08799019698734939,-0.1218204759355482,0.27750663079971943
qwen36,4,0.0625,8.974274836481833e-06,0.005396464407943622,0.2311428982291664,-0.09341742426681765,0.5059584072320817,0.11721885403065388,-0.08685344121339753,0.3175536744149779,0.08891481492707938,-0.12042606158724375,0.27658638486145987
qwen36,5,0.078125,1.0986002457913369e-05,0.007228460176136006,0.2645788923996548,-0.04960366448124942,0.5272873219906755,0.1630871012600402,-0.06007514091861107,0.3721999674702893,0.13611546164493238,-0.07973604650799428,0.3301738865232399
qwen36,6,0.09375,9.382667838619962e-06,0.00601594898647153,0.2757538943235281,-0.039026829888407624,0.537603008590836,0.15034592147409953,-0.09885603522048646,0.3807111040150289,0.12433548183626789,-0.10504017968358678,0.33195954745919193
qwen36,7,0.109375,9.876159548838359e-06,0.006106033104656421,0.28611969987347863,-0.034742589101351605,0.5440939788728155,0.15034592147409953,-0.08902115856796397,0.3604258389601171,0.12359386026508785,-0.09575363612343325,0.31158834655347667
qwen36,8,0.125,1.2780560493419468e-05,0.006475210144279681,0.28955069249891113,-0.04329571437300318,0.5624813670011851,0.20895534848942648,-0.04332089845229837,0.43475163712436665,0.1894188287395079,-0.07468261311882199,0.40516139340934565
qwen36,9,0.140625,1.4953137354667412e-05,0.006823526522566467,0.2942197555764454,-0.03585202744702817,0.5639762189047257,0.1936659327462977,-0.0586141281704621,0.42331475388001816,0.17214712280597433,-0.09041082750435257,0.3878954063268917
qwen36,10,0.15625,1.8451130419316897e-05,0.007058505480107847,0.30140137339500994,-0.022728573659527206,0.5646414844194118,0.2115035844466146,0.01611002372330464,0.3902067095279818,0.19231827211991742,0.0021773363964444066,0.353561391464656
qwen36,11,0.171875,2.2889761514544027e-05,0.007632798273781023,0.303590249586471,-0.021057054840848372,0.5639643771377931,0.18092475296035707,-0.0158857035630972,0.3657770766151644,0.15566218304312418,-0.03181903475388599,0.3209385858382633
qwen36,12,0.1875,2.2665802768051524e-05,0.007693249359206331,0.30912110680223304,-0.015203285770233313,0.5682622631382798,0.19621416870348585,-0.04523337247101418,0.4214177914970075,0.1740947946692074,-0.05247923156128682,0.3804286285551864
qwen36,13,0.203125,2.837011865258754e-05,0.008183795103992333,0.30481213611109437,-0.016005220883274687,0.5623570377773154,0.20895534848942648,0.021217877111288506,0.39397908724865627,0.189801801433908,0.007467977350731864,0.36698346881991134
qwen36,14,0.21875,3.2505070732491426e-05,0.008600965010314234,0.3223352835883917,0.008627629297194375,0.5708726001786911,0.1630871012600402,-0.04302763440196707,0.36313651960128146,0.1346079900823502,-0.04992831954597819,0.3307873243482353
qwen36,15,0.234375,3.155197868282e-05,0.008859424865426091,0.31491899882138963,0.004617604854721231,0.5668360131877048,0.12996003381659452,-0.06074489562630645,0.32880054466593994,0.09659753101109238,-0.07263312244900474,0.28083868363705056
qwen36,16,0.25,3.6668124173522276e-05,0.0096257040205659,0.3307347419497099,0.02614100221504741,0.578241226067557,0.1732800450887927,0.013529881461640091,0.35378766836298053,0.14733708762951722,-0.002666176801429789,0.31057888859113
qwen36,17,0.265625,3.435033948001598e-05,0.009227993642591607,0.3246495852178108,0.010627400438605479,0.5707758998460246,0.08664002254439634,-0.13507295023055366,0.31584053521875305,0.04674561947421752,-0.15881340673997815,0.26018299465046235
qwen36,18,0.28125,4.560094757793953e-05,0.010557592557118332,0.36048484663698016,0.05429500490649264,0.5891826377808,0.07135060680126758,-0.13639324389743276,0.29614749029181137,0.032922240444551616,-0.15135038338550436,0.2405214668369858
qwen36,19,0.296875,5.09062300112495e-05,0.010904723860539312,0.324018412046151,0.006666931694772534,0.5697799635251639,0.030578831486257535,-0.20978118611754973,0.2757909158033308,-0.020502118172836165,-0.24562889764508578,0.2283631502590044
qwen36,20,0.3125,8.047949756384565e-05,0.013813440526458196,0.3027648692850698,-0.010272588511938071,0.5511768061364858,-0.017837651700316894,-0.25150484614538005,0.24477063499418902,-0.07032861963980579,-0.2892275621273217,0.1817433009631175
qwen36,21,0.328125,9.808745435541111e-05,0.01440544196939875,0.31008809646907076,-0.008805543305653819,0.5573627557545036,-0.010192943828752512,-0.23760809244938924,0.2435269136641274,-0.06940416171220556,-0.2814334306420732,0.16350836153456128
qwen36,22,0.34375,0.00010207666737038767,0.014346427003027795,0.31973371724623,0.002323817267438811,0.5668069535139036,0.030578831486257535,-0.22311865463795566,0.29217827802639,-0.015898917063494333,-0.2520562886937066,0.22916112836297828
qwen36,23,0.359375,9.966847693354541e-05,0.01418002188773744,0.3138265837165939,-0.004147804196901587,0.5627001427776624,0.0,-0.2453117325313961,0.2639104867874701,-0.05199067704874795,-0.2841581238825584,0.1925866362772494
qwen36,24,0.375,0.00013184029391716257,0.01634446603290695,0.31918750969383214,0.004339534169244667,0.5611626713470251,0.04332001127219817,-0.21624372421728633,0.3026597831109847,-0.0024907493444206097,-0.2334083521647289,0.23132019366904444
qwen36,25,0.390625,0.00016392890380800829,0.018664181676613836,0.31211108740387766,0.010017233380026929,0.5532496300319091,0.11467061807346575,-0.09513583600985814,0.31667919774704856,0.08299679782698917,-0.14393905846792682,0.29211686471691384
qwen36,26,0.40625,0.00018109629992885123,0.0192000223614896,0.3347807238193237,0.033202450820566484,0.5702064999528755,0.12996003381659452,-0.08262401206638419,0.3269080114668889,0.10166116233064132,-0.12660629242742896,0.2993281615979174
qwen36,27,0.421875,0.00020739358893279158,0.02050445967958242,0.3382319463541043,0.03495459728324811,0.5718549635233175,0.09938120233033698,-0.1124302746040862,0.31013330970604747,0.06812955555507393,-0.1702629004011391,0.2893517327915953
qwen36,28,0.4375,0.0002540969748122679,0.022695156816466867,0.34518294320610077,0.05145182260232246,0.5750795702331966,0.1554423933884758,-0.05841269128324421,0.34503807310446805,0.1295014449091146,-0.09514920467252377,0.31309704869591193
qwen36,29,0.453125,0.0002840872596299726,0.02410818231642031,0.3435847803676033,0.044776012422609764,0.5761426929991827,0.1656353372172283,-0.06417631835022618,0.3600595188893874,0.1431877977118622,-0.09158280903766773,0.3327193730216521
qwen36,30,0.46875,0.0004115920567779874,0.028785280180933417,0.36532788693490786,0.07157173253226161,0.58990866163971,0.15289415743128767,-0.06385118052984962,0.35093155027598155,0.13123272900421185,-0.08013619482831287,0.3148368522876328
qwen36,31,0.484375,0.0004938233482217891,0.031619769518397206,0.376158980399864,0.08219501395539706,0.5975424919366816,0.1452494495597233,-0.09575729578771044,0.35906624935876585,0.12209435292940904,-0.08951868065041456,0.31446238961097395
qwen36,32,0.5,0.0005931308303647742,0.03445481208901381,0.3738810926072714,0.08484177744409693,0.5927182026826511,0.1656353372172283,-0.06013717326887541,0.3548999863367208,0.14386945506186818,-0.07696790737964922,0.317626723102403
qwen36,33,0.515625,0.0007224345974120028,0.03804113687800062,0.3806257443839176,0.09219266765388807,0.5999395610059635,0.18092475296035707,-0.05094175633284519,0.36995625117716147,0.16011783455194983,-0.06114995812057202,0.3335641976598175
qwen36,34,0.53125,0.0008680432722524278,0.04180964640208036,0.38163319386945144,0.08789251932897027,0.6085058655562563,0.1936659327462977,-0.04956894259429808,0.4018741653836804,0.17369652565680346,-0.046014617356147945,0.35585380088026847
qwen36,35,0.546875,0.0008875046429882572,0.04220411574712772,0.3836480928405191,0.09005851688742855,0.6205578229598555,0.27775771933350596,0.04291975376394761,0.473933349481566,0.2645744482908498,0.048605375818689886,0.438891137508387
qwen36,36,0.5625,0.0008154947171350457,0.040414381381660355,0.39532479651622454,0.10394659524585864,0.6323764930654656,0.30833655081976347,0.05694507834963904,0.5118322840609759,0.29619390656109085,0.05308850261112493,0.49261823510825564
qwen36,37,0.578125,0.0007949018217277559,0.03994916840672337,0.3894621687871541,0.09731283083229374,0.630783689909879,0.30833655081976347,0.05694507834963904,0.5118322840609759,0.2972304308160089,0.058336614724549936,0.49348413502922756
qwen36,38,0.59375,0.0009229260495172698,0.04310379005408152,0.3810950782807928,0.08986974188118954,0.6229903649750476,0.3108847867769516,0.07269341594356507,0.5002129525447808,0.2994988461211797,0.05955807889500234,0.48897070370978896
qwen36,39,0.609375,0.001010762259288145,0.045603740303143986,0.38222390722241506,0.09245621630000704,0.6258181996707387,0.3108847867769516,0.07269341594356507,0.5002129525447808,0.2993888700229538,0.0612877669787434,0.49035687934256783
qwen36,40,0.625,0.00106351673584415,0.04633810139738913,0.38354289731190916,0.09292920880598755,0.629222975604475,0.34146361826320915,0.08976511134906183,0.533715201730553,0.33071388831885773,0.09127930146974375,0.5187334566128255
qwen36,41,0.640625,0.0012622379027809605,0.05065473587952812,0.3833365522365589,0.08955940037618725,0.6363098043170776,0.3108847867769516,0.06895528678376683,0.5002129525447808,0.2981687957385438,0.06092705556579914,0.4858142047185225
qwen36,42,0.65625,0.0014514953988608026,0.05418133981117549,0.3783073967726289,0.08401813529305617,0.6340504939935014,0.3108847867769516,0.05506887917539348,0.5147850654380449,0.2987900311873612,0.05548093522682181,0.49254893195861765
qwen36,43,0.671875,0.0017287500065772399,0.05920546170157394,0.37382849484296643,0.0724481486158144,0.6341300596684946,0.3261742025200804,0.07108910961533607,0.528173792931398,0.3150080600250436,0.06755582062381137,0.5107969509472547
qwen36,44,0.6875,0.0019736554019336716,0.0632385102228511,0.3814754005765365,0.08142622130165451,0.6431766152874854,0.33381891039164474,0.06963106238227913,0.5428714940829289,0.3236333248371594,0.0733183680269573,0.525921829424144
qwen36,45,0.703125,0.0021508328900069484,0.06597071504919749,0.37374757520557417,0.06246795949225366,0.6442109582597084,0.33381891039164474,0.06963106238227913,0.5428714940829289,0.32364935285495394,0.07321738611363866,0.5259984693236242
qwen36,46,0.71875,0.0028023007263014987,0.07561019247338319,0.36448227672415856,0.044315360317267724,0.6375142036531974,0.30324007890538723,0.0429786099954528,0.5176327456015914,0.290217851242702,0.03672414149378723,0.4964672985317144
qwen36,47,0.734375,0.003441558588638205,0.0833107738195331,0.3545372532886479,0.03440026275522446,0.6293269392642914,0.30324007890538723,0.0429786099954528,0.5176327456015914,0.2899630437709302,0.03516460553790698,0.4977620411271634
qwen36,48,0.75,0.004192911175180836,0.09185317166415978,0.3712147905551959,0.07847782491604542,0.6206966777675316,0.2904988991194466,0.030642874843598397,0.5042065144278324,0.2799004363244831,0.008613402896519901,0.4934028543824517
qwen36,49,0.765625,0.0067256227038452465,0.11610226291458053,0.30126381001144303,0.00635360791818967,0.5563197995324675,0.21405182040380274,-0.07362292189648889,0.4597310703061421,0.19732596389256513,-0.0876734496111953,0.43942417844024206
qwen36,50,0.78125,0.008236883169960907,0.12836743099081038,0.2914239821045423,0.0016296281685851913,0.5487588535946912,0.17837651700316895,-0.11135013673091389,0.4407888094224898,0.1581558827884188,-0.13005454768754685,0.4200903656205762
qwen36,51,0.796875,0.011171607697165964,0.14986593012053942,0.26611636551010803,-0.025603342716589757,0.5286377151870296,0.16818357317441643,-0.12562891123352077,0.4303589097588095,0.14790553987576213,-0.13900139631742564,0.40354528991925814
qwen36,52,0.8125,0.011672838288449172,0.15280001796416476,0.2481279301178051,-0.04116823509505112,0.5165647601305062,0.16818357317441643,-0.12562891123352077,0.4303589097588095,0.14879178565993825,-0.13559579719143278,0.4035555856860489
qwen36,53,0.828125,0.010944633914009683,0.14829650121385662,0.24826144751950235,-0.04047695173883254,0.5167505395612081,0.1834729889175452,-0.11588497892296722,0.4560955207688445,0.163043651532008,-0.13110895052856103,0.4241111988431228
qwen36,54,0.84375,0.013173640574091483,0.1625042624452948,0.24474548927480796,-0.045461037328096046,0.5133634882022698,0.16818357317441643,-0.12562891123352077,0.4303589097588095,0.1463088609506221,-0.13503551951350565,0.3960416663877463
qwen36,55,0.859375,0.01229332100323427,0.15711781086788995,0.2459269159807352,-0.04347014849585329,0.5138933109368949,0.16818357317441643,-0.12562891123352077,0.4303589097588095,0.14613550253075247,-0.13699894815832686,0.3976840434922765
qwen36,56,0.875,0.013128777964887095,0.16228630518562287,0.24025444939953666,-0.05040135192988466,0.5074490008397002,0.16818357317441643,-0.12562891123352077,0.4303589097588095,0.1454877306991766,-0.1362952579556772,0.39436239026000824
qwen36,57,0.890625,0.013987093922091742,0.1673703723956817,0.24126999084880973,-0.047441034649945146,0.5089757941157439,0.16818357317441643,-0.12562891123352077,0.4303589097588095,0.14433285643416308,-0.1327830652474649,0.392330196828785
qwen36,58,0.90625,0.013191979587269864,0.16251850487664854,0.24177978456438107,-0.04491704987735264,0.508763319634522,0.16818357317441643,-0.12562891123352077,0.4303589097588095,0.1436322510808007,-0.1332333133137659,0.3905804737330606
qwen36,59,0.921875,0.010200191028013061,0.14335012602526856,0.25535809971880497,-0.035534149847467715,0.5221212726538047,0.16818357317441643,-0.12562891123352077,0.4303589097588095,0.14598084804797634,-0.1425199719353585,0.40301668769947196
qwen36,60,0.9375,0.01391608412522316,0.1674060239734424,0.23469931629255694,-0.056853336690180674,0.5055365403071785,0.16818357317441643,-0.12562891123352077,0.4303589097588095,0.14368869434568846,-0.138118552465779,0.3949506305050336
qwen36,61,0.953125,0.013458649202219897,0.1644350370858844,0.24432066117849852,-0.047036763340725624,0.5131417779509561,0.1834729889175452,-0.11588497892296722,0.4560955207688445,0.15975774045791608,-0.13425792660229302,0.4190258339516372
qwen36,62,0.96875,0.013935878449666539,0.16703075150454427,0.249794874648086,-0.040778692906928676,0.5181390675721886,0.1834729889175452,-0.11588497892296722,0.4560955207688445,0.1599982137292178,-0.13403145194646185,0.4194532090210337
qwen36,63,0.984375,0.014900717273104491,0.17266265946231507,0.24622631863908662,-0.04643740192117658,0.5148449186229973,0.1834729889175452,-0.11588497892296722,0.4560955207688445,0.16013595320785026,-0.13090221788774234,0.4188974166123533
qwen36,64,1.0,0.020395841212050903,0.20228874201575542,0.2626408670841098,-0.021562486401198244,0.5234905153433466,0.1834729889175452,-0.11588497892296722,0.4560955207688445,0.16021140983074875,-0.13031704983895642,0.4211028659870366
qwen35,0,0.0,0.0,0.0,nan,,,nan,,,nan,,
qwen35,1,0.03125,2.8130107655455205e-06,0.002372012224021927,0.13780778054119855,-0.22047011682269066,0.43394121532916324,0.1857891956813177,-0.029277002188455994,0.36108896738208796,0.14428842970487857,-0.027672782529446778,0.27983324169142093
qwen35,2,0.0625,7.606653831593313e-06,0.004367694662999864,0.1288386642256427,-0.22293475195491327,0.43193555034938985,0.15533195048765905,-0.05205903044124328,0.3236694374850748,0.11052028810256108,-0.06803383810625546,0.2702592008339553
qwen35,3,0.09375,1.6154482377961354e-05,0.006820187073388267,0.14369290772688884,-0.2113352447332117,0.4576505163719245,0.1766520221232201,-0.015711727532345038,0.3260090283759958,0.12007002967537918,-0.04690763058408276,0.2693062125064881
qwen35,4,0.125,3.7596668917727616e-05,0.009629254054529093,0.23334757396966813,-0.05759670144874035,0.506124859576214,0.13705760337146386,-0.08599341120506813,0.3381275973326692,0.0659630469932176,-0.1779359287105366,0.2598707767222337
qwen35,5,0.15625,5.1734880294806995e-05,0.010542115529801475,0.22213389751817458,-0.098472210733553,0.5152943057271132,0.17360629760385424,-0.06548232746344315,0.37313277064021233,0.10516625068297127,-0.15004463587284164,0.3184690784348093
qwen35,6,0.1875,5.488039492074215e-05,0.01067375475288579,0.22353902866018435,-0.09110640598385172,0.5060760696596202,0.15533195048765905,-0.07461143959003148,0.3522960766032313,0.08277552497222983,-0.1525746533184783,0.2776998227928514
qwen35,7,0.21875,7.652173752642488e-05,0.012565549463683687,0.2598762674462487,-0.059819268757958136,0.5307479781255496,0.1918806447200494,0.009974229473844997,0.3474798104569236,0.12894613281824913,-0.009418195621042244,0.23764887336457063
qwen35,8,0.25,0.00010290553288211379,0.014574852278692691,0.24670088193285838,-0.06894992482653962,0.5206230719489487,0.11573753173590282,-0.03418817293789138,0.2442569074336832,0.037096477585890075,-0.0652496790390373,0.1254895953584959
qwen35,9,0.28125,0.00016901123229096093,0.01856159948145395,0.2203181761073957,-0.11872345949227607,0.5174961915734719,0.12182898077463454,-0.058728013688841334,0.2672594008734754,0.04256034414121401,-0.09566723352149879,0.17132084192845423
qwen35,10,0.3125,0.00021406970310644535,0.020899519495281824,0.25497199479150684,-0.09674081027697722,0.5366152619845604,0.12182898077463454,-0.055328333517248814,0.25237486908544415,0.04098731879345275,-0.07363334676766942,0.12290671507630864
qwen35,11,0.34375,0.0002485380539547499,0.02252498309874828,0.2777004472249246,-0.09057189943190316,0.5541736771052707,0.13705760337146386,-0.03070193907081958,0.26156928333218504,0.05936202068232746,-0.08100714589182816,0.19226111392152095
qwen35,12,0.375,0.00028440776609789387,0.0240370819681451,0.2775772701442939,-0.09199642042761683,0.550139892467384,0.12182898077463454,-0.042479539524287326,0.25435256017113417,0.042234465715926386,-0.086826750195036,0.15032091204044032
qwen35,13,0.40625,0.0003790084298320173,0.027744234116131375,0.29903745485862493,-0.07438489920799932,0.5715354635418288,0.12182898077463454,-0.01719707473728098,0.24477763825660745,0.03742908054206162,-0.05319662538668019,0.11990342022270255
qwen35,14,0.4375,0.0004569453204347762,0.03036285040794047,0.3085768354363601,-0.06484033604910887,0.5854312271664485,0.1431490524101956,-0.02468991216821808,0.2992712589850187,0.06044215923115987,-0.059797229403356765,0.1773363315607932
qwen35,15,0.46875,0.0006634091867022684,0.03680044312799738,0.3074545553683913,-0.05260422487870814,0.5714369413082528,0.14010332789082972,-0.011980805776364317,0.2946785418688892,0.05691131053247957,-0.10432919641590115,0.20530717582190042
qwen35,16,0.5,0.0008856586386724041,0.04218074859391539,0.3007208749605782,-0.04988647474799405,0.5619244176508837,0.15533195048765905,-0.009262157780497755,0.3237285484759517,0.08274453982981803,-0.09478213092758027,0.26472667722234977
qwen35,17,0.53125,0.0010974651190967522,0.0469707515606448,0.31839450497403876,-0.026798895378222158,0.5749959981278292,0.1431490524101956,-0.0241654467718033,0.31695405903695717,0.07339702330544154,-0.11619903957268114,0.2593351431137589
qwen35,18,0.5625,0.0015099769268214214,0.05499109565529718,0.30297455932471073,-0.015486220563671703,0.5449530620299122,0.10660035817780522,-0.0030860669992418383,0.22879690626428809,0.033463712720922835,-0.12178654054285368,0.1849567573013897
qwen35,19,0.59375,0.0017938328811517579,0.059951206201425605,0.2858711935734295,-0.025935061300404953,0.5256727847395694,0.07309738846478073,-0.015971914124998498,0.19639610121239315,-0.000989101438795916,-0.16463540868290263,0.18032029515067713
qwen35,20,0.625,0.0020191210840003193,0.06366349359195192,0.2836311955515892,-0.011637432478056474,0.5161135136213111,0.08528028654224418,-0.0033827214595256185,0.2001869924725772,0.012656624617747896,-0.13590743954191875,0.18739108888015998
qwen35,21,0.65625,0.0023834008391325767,0.06914729603145581,0.27452521581311035,-0.01097743872915338,0.49693360255497593,0.08223456202287832,-0.01039886459819418,0.1978348330150395,0.013195598406263304,-0.11199825539560807,0.16542838539344465
qwen35,22,0.6875,0.0027213900284340786,0.07403373896762208,0.2804240293410929,-0.002479096866202612,0.49786819868190685,0.04873159230985382,-0.03024748643701083,0.16186247531914877,-0.028640604580357578,-0.14550142145386263,0.13449216389837892
qwen35,23,0.71875,0.0024540791530758277,0.0706011211519201,0.2795891624612624,-0.0027522975575634424,0.49974933071133676,0.04873159230985382,-0.03024748643701083,0.16186247531914877,-0.02635205105720338,-0.1394121672274872,0.13573220811519576
qwen35,24,0.75,0.0033029959220640115,0.08130319194258573,0.2860354296809371,0.0076831806400177146,0.5004149893475893,0.04873159230985382,-0.03024748643701083,0.16186247531914877,-0.03137600598137806,-0.1460420072356922,0.13324049405708924
qwen35,25,0.78125,0.003527921865402628,0.08411317955024078,0.2819751481342206,0.004988131113742883,0.4973648523769867,0.04873159230985382,-0.03024748643701083,0.16186247531914877,-0.02598759838734071,-0.14154333917419354,0.13355742515447103
qwen35,26,0.8125,0.003705732970263831,0.08619580237441032,0.28268227581932287,0.009433641626852337,0.4942216662823963,0.04873159230985382,-0.03024748643701083,0.16186247531914877,-0.029490822936915823,-0.14676943051890676,0.1330084739410385
qwen35,27,0.84375,0.0020182524386280765,0.06640253820581365,0.28718508243349056,0.01565378410117155,0.49422352376776885,0.027411520674292773,-0.05129364509100011,0.1492405014489273,-0.04500077627978281,-0.1749830469624333,0.13243840064417653
qwen35,28,0.875,0.004586921612642347,0.09599803515576236,0.2867608058224292,0.007323004961538367,0.4955585458889276,0.009137173558097591,-0.0762785610946748,0.14368065939987273,-0.06067029569568405,-0.19910740712577268,0.1255506274740517
qwen35,29,0.90625,0.004770662739103537,0.0977220836639911,0.2901322081404331,0.03615252590551701,0.4877247688354163,0.08528028654224418,-0.022608877339264574,0.21742898909010067,0.017128321023871226,-0.15582474005341748,0.2364067370316121
qwen35,30,0.9375,0.004988197928076976,0.09993840486723463,0.2852233733715938,0.042816725509730924,0.4744149961242431,0.04264014327112209,-0.11776996498451162,0.23855063181825092,-0.02075244313875692,-0.25039245436632585,0.26688563688253736
qwen35,31,0.96875,0.004499523328597765,0.0948751248168885,0.2970118761993641,0.06871363753906516,0.47346364156569654,0.07918883750351245,-0.09457324874869208,0.2695511218840873,0.02178552700490137,-0.21716887790595157,0.30258013419619506
qwen35,32,1.0,0.004772718540505538,0.09778485460619024,0.2953238939833134,0.07897285837305537,0.46860650526779724,0.07918883750351245,-0.09457324874869208,0.2695511218840873,0.02650194800779536,-0.2040632662345167,0.2957376599367935
qwen38,0,0.0,0.0,0.0,nan,,,nan,,,nan,,
qwen38,1,0.015625,8.565033997598448e-07,0.0013600189665844203,0.2931777779302638,-0.023455578965573407,0.5663304655570073,0.1578751992146423,-0.03691540668483252,0.3342220450233562,0.15020173268563725,-0.03369232574535166,0.32560870830998484
qwen38,2,0.03125,2.2396052579698456e-06,0.002137372382353408,0.28280471987494993,-0.02311887128774021,0.5534198429094784,0.13106620312158984,-0.11233913411457548,0.34991151424543715,0.09702435406249336,-0.11073614977651666,0.2927689216839477
qwen38,3,0.046875,4.947359931506412e-06,0.0032210955774990366,0.2076684564311237,-0.07028058590913479,0.4617148947902729,0.11617231640322737,-0.09412391615986351,0.3008627688262287,0.09619440125799976,-0.09337270630555895,0.25623885323205287
qwen38,4,0.0625,9.950075436970796e-06,0.005499688627398386,0.11200995582750387,-0.21705097402462242,0.4254974850794785,0.10127842968486488,-0.07893297629345912,0.26814547042520837,0.14246304408881869,-0.0692853232005079,0.33524630161584235
qwen38,5,0.078125,1.0825640711087381e-05,0.005709994915208463,0.13271046696666539,-0.19914527544171898,0.44343759996545384,0.0863845429665024,-0.10260572164027788,0.259371041489811,0.1235901862278845,-0.10246913210920504,0.3257646554720412
qwen38,6,0.09375,9.324269046595557e-06,0.005274036296542737,0.13482487928009868,-0.1974990770192272,0.449933154446302,0.13702375780893483,-0.0033029284507886184,0.2760490051540666,0.17440647943285628,0.013397272163237398,0.32473855661947587
qwen38,7,0.109375,1.0719804864001148e-05,0.0051959928807817895,0.14946822102724838,-0.1741624891321637,0.4565473987767096,0.1727690859330048,-0.05768936868573925,0.3759005515945102,0.1759044428892156,-0.062244558125028195,0.40406825795000184
qwen38,8,0.125,1.1964763242944265e-05,0.0060294981934967485,0.14399147854480648,-0.18002852313979403,0.4577384565473525,0.18766297265136728,0.026592716835559242,0.33746431122420917,0.2124501520710738,0.0519709273164002,0.3701173762793541
qwen38,9,0.140625,1.2657951511674259e-05,0.005889646033447496,0.1371382951053845,-0.18779345927007118,0.4541501390482623,0.12510864843424485,-0.03008430594072272,0.2717613474231715,0.14622371545006513,-0.00633272257713333,0.3020950170311995
qwen38,10,0.15625,1.4470963749235732e-05,0.006051987830140175,0.14221288465762438,-0.18121786494975015,0.45382000257109767,0.14298131249627982,-0.02067709560218423,0.29387579877782355,0.14630393038922024,-0.007107179557070277,0.30443248448089216
qwen38,11,0.171875,1.7864233019915243e-05,0.007324603780927063,0.1422170305641213,-0.18030637285531895,0.4445637768238821,0.05659676952977743,-0.13522468075656266,0.23846610659416498,0.05353545289340495,-0.12435426737313487,0.2457063840906872
qwen38,12,0.1875,1.8774587269176912e-05,0.007457296448052191,0.1428803756036298,-0.18799122149563707,0.45924439867303224,0.09234209765384739,-0.08147292865066855,0.2603061989322069,0.11212323656128899,-0.05261769990906108,0.27637001682009754
qwen38,13,0.203125,2.157683373049668e-05,0.008105673269167656,0.16133380542145634,-0.17037424651256025,0.47276872782522666,0.12808742577791735,-0.050719520482726335,0.2853209008186881,0.14021047181231555,-0.026994957310416474,0.30205615757050913
qwen38,14,0.21875,2.258693701095993e-05,0.008296407589649307,0.1608404425483219,-0.16906158247267764,0.46953280247466256,0.11915109374689986,-0.044726047344093585,0.277296517130626,0.130687239925687,-0.013238984740048703,0.28911773306734995
qwen38,15,0.234375,2.417545081878636e-05,0.008208522226866913,0.16975828742321403,-0.15780762328503445,0.4775851316820846,0.1548964218709698,0.016025661604300075,0.29217633148823985,0.16648467253047247,0.03956793705758077,0.3092921817751668
qwen38,16,0.25,2.5218998255249758e-05,0.008076893941507634,0.1672334303665849,-0.16818956884250694,0.4829614622454005,0.24128096483747222,0.11222450085533113,0.36689969285267143,0.2546911343223787,0.12069225434646973,0.3922457902332443
qwen38,17,0.265625,2.572597253841513e-05,0.008212197808901936,0.16328238147501248,-0.17687890083499125,0.4858796007292383,0.12510864843424485,-0.06423197046148213,0.29514807236652524,0.12297134110155603,-0.057071823461768305,0.29950633231907103
qwen38,18,0.28125,3.893182548703189e-05,0.009427849253014202,0.17823252030293488,-0.16722632704683132,0.5058345208529028,0.1519176445272973,-0.08933036394791291,0.3746772948358813,0.1492423831535499,-0.0651047273782546,0.3630690935167772
qwen38,19,0.296875,4.533139417078891e-05,0.010195299331994406,0.20190150049389685,-0.1382335596974975,0.5183030866241084,0.11915109374689986,-0.10088417580995865,0.3366037696053627,0.09274412592360397,-0.0933565674161667,0.28998705238102457
qwen38,20,0.3125,6.326029942360645e-05,0.011807114712557867,0.16814552979590905,-0.17840340546209893,0.4910066951056854,0.10127842968486488,-0.13093073414159542,0.3179746400581603,0.08776816684563961,-0.09412588971808777,0.27568048730926137
qwen38,21,0.328125,9.495100208534168e-05,0.014191339020682479,0.21770984196668333,-0.11248834540813558,0.5231840253719908,0.1757478632766773,-0.04731100148765198,0.38385862598890386,0.1646932237589903,0.001089989957524651,0.3296617470124885
qwen38,22,0.34375,8.415426190511166e-05,0.01353199427706938,0.20668587659135176,-0.12444795353281377,0.5132467422546481,0.23532341015012723,0.01862097306809647,0.4291649325284559,0.22969082930520227,0.05728503507390444,0.3905650224869185
qwen38,23,0.359375,9.224616638908723e-05,0.013738881525740548,0.19535511413524753,-0.14671955145337492,0.5116345393145014,0.1578751992146423,-0.0462324798324941,0.341863741946456,0.15508934308445205,0.004777178353243867,0.2960900173800634
qwen38,24,0.375,0.00011728807557370713,0.015392016233011174,0.1771587305202305,-0.1664450958824046,0.4968857631876394,0.1787266406203498,-0.024754934179486644,0.3559846260190837,0.1787108347105978,0.029491854505206916,0.30787665906477396
qwen38,25,0.390625,0.00012960170052778164,0.016142318787671025,0.18862216198423645,-0.15717546168643826,0.5051817027298181,0.13702375780893483,-0.07857291880876302,0.33503892910105404,0.1290348477913834,-0.037130039864596176,0.2869071472519157
qwen38,26,0.40625,0.00012373421243078164,0.01592113358789298,0.19602675098774985,-0.15015698104506972,0.5180415241196767,0.13404498046526234,-0.10987213431781567,0.36107608595644225,0.12627755642937372,-0.0774565927304185,0.32297582626014293
qwen38,27,0.421875,0.00014606865045357909,0.01732604138190154,0.19722077205886512,-0.14971022474149265,0.5169005897549755,0.1548964218709698,-0.0851178929376641,0.3839022056654941,0.13444333089134247,-0.06618956855809573,0.3290850111938969
qwen38,28,0.4375,0.0002345624417157688,0.021810422281016994,0.1607243571664079,-0.19138528879607777,0.4744540089734321,-0.008936332031017489,-0.16857076873546348,0.1448117881616591,-0.04028757523381124,-0.16377916416907334,0.10062903999830218
qwen38,29,0.453125,0.00022644256153253606,0.021355755111801152,0.18268107797413863,-0.1672995947384166,0.4981391102929506,0.03276655078039746,-0.15287063797543124,0.22361709273097194,0.007053332097405709,-0.14623432801940758,0.1650039699036399
qwen38,30,0.46875,0.0002925344026033505,0.024284773970488182,0.1986967147717715,-0.14893487798213012,0.5083723055871963,0.06553310156079492,-0.13606721028332178,0.2662341395551287,0.044400877931264564,-0.1277947992726705,0.20948810208716617
qwen38,31,0.484375,0.00034313532253454904,0.026295805065080724,0.20477461369626795,-0.14062476442584823,0.515438286339706,0.0834057656228299,-0.13188937006125848,0.29859616479700085,0.06262554972615651,-0.12322765077192484,0.24487421073597113
qwen38,32,0.5,0.0004129107407307431,0.029086937341890808,0.21550421971031763,-0.11774263566715253,0.517296456311926,0.1757478632766773,-0.04397537897383304,0.3741764332861814,0.16423886783106642,-0.030338116779878965,0.3331133568489064
qwen38,33,0.515625,0.0004738668538644686,0.030997707586818583,0.235694784350357,-0.10008869660992589,0.5339156427514358,0.10127842968486488,-0.19026094661066525,0.3678571428571429,0.077346396326265,-0.17052126446658927,0.31641894403276744
qwen38,34,0.53125,0.0005823163925964825,0.03452826253068013,0.2545006162204224,-0.056394153638159736,0.5377892052044223,0.13404498046526234,-0.09744026299781909,0.36107608595644225,0.08857503428048456,-0.09326260248974537,0.28176345136499537
qwen38,35,0.546875,0.0005043188261628639,0.03193777693324689,0.2712790998134901,-0.04043461278845368,0.5590491209086208,0.1727690859330048,-0.0314768861651541,0.3710590880197622,0.12351498460808077,-0.035747199561026316,0.28382438486447714
qwen38,36,0.5625,0.000526388589250304,0.03318044451568014,0.2645337099429882,-0.05238560836184862,0.5569592339613684,0.1489388671836248,-0.10568461583493052,0.3805123938203552,0.109394518701545,-0.10913059366986622,0.32076410636996
qwen38,37,0.578125,0.0005709532282325291,0.033884599287976935,0.2854332245940023,-0.027244076893628608,0.5705587299937991,0.23234463280645473,0.025,0.4237558664108825,0.201121422518284,0.03512145917329972,0.3577126893159024
qwen38,38,0.59375,0.0006767908948352996,0.036957551301104764,0.2809390619513323,-0.04125656378216831,0.5767754300868431,0.1697903085893323,-0.05873235107005518,0.379704497602994,0.13633865600608816,-0.04476250127626473,0.3267759593815994
qwen38,39,0.609375,0.0007190788945259929,0.0381773473439327,0.2696290290277127,-0.05289699798247964,0.5644794398732877,0.18766297265136728,-0.02965808666144567,0.3866842838592368,0.1509635433565881,-0.02236177112017666,0.3345687374732929
qwen38,40,0.625,0.0008087112641602112,0.04058698089347114,0.265524581595754,-0.05804986649577993,0.5616157803141735,0.18766297265136728,-0.02965808666144567,0.3866842838592368,0.14771874441742444,-0.023847745826244226,0.33061795382369014
qwen38,41,0.640625,0.000968593811191687,0.04460939931342969,0.2777550057616916,-0.048275003935384336,0.5836096342001588,0.22340830077543722,0.0031357656224757758,0.41412004070914704,0.18916066347301894,0.0022270933631610814,0.36671379754097466
qwen38,42,0.65625,0.0010927814168791294,0.046969271161567044,0.27671438323096265,-0.05052560839484977,0.5802050214815974,0.20553563671340225,-0.013319186438270071,0.399226550550499,0.1792595472795889,-0.007783797712809522,0.36597757833236294
qwen38,43,0.671875,0.0013873796862262644,0.05275889169025161,0.27276333433939026,-0.05994473166833691,0.5777045682575708,0.18468419530769478,-0.06755647702301425,0.3975961604026343,0.1475806096900731,-0.06969457250998819,0.3477064278323633
qwen38,44,0.6875,0.001568799709244617,0.05612102469519017,0.2905534191177083,-0.04090938135804847,0.595026529489068,0.23830218749379972,-0.03706246583305506,0.4613165510098685,0.2009516180807408,-0.045088085828924276,0.4157668397023913
qwen38,45,0.703125,0.001827704869551583,0.060545205044252426,0.29616283060805193,-0.03879161867769414,0.6058344099982244,0.2502172968684897,-0.034229981736900776,0.47324173768286004,0.21362913792646449,-0.0337647392694812,0.43097595097216035
qwen38,46,0.71875,0.002608985973940492,0.07225566368553159,0.2870211067823257,-0.048353189783938585,0.6052834189523648,0.22936585546278224,-0.041414660254695305,0.45056852996210395,0.18667016113137977,-0.05238512424868571,0.402047903865313
qwen38,47,0.734375,0.003209228544471421,0.08020366278166721,0.2970956595698607,-0.03787534267103539,0.611798820298797,0.2472385195248172,-0.020701966780270625,0.46254091643754286,0.20957324871479582,-0.0311690687868714,0.4211955645709873
qwen38,48,0.75,0.003892464082858982,0.08847861515436746,0.22929350471910015,-0.09817903276959858,0.5444128704880106,0.21447196874441973,0.006293716871579673,0.3973855122175648,0.1842876363361002,0.0035658467371318518,0.3439068768727159
qwen38,49,0.765625,0.005544250981203369,0.1059814917114514,0.1432244858428748,-0.1803133679652066,0.45454018273413177,0.1757478632766773,-0.009038376677583252,0.3521087450664276,0.15242527140644965,-0.007203957962971595,0.3126351676405366
qwen38,50,0.78125,0.007528654273872448,0.12314587098139229,0.15078247338677456,-0.1610798022333902,0.4509298013386211,0.1608539765583148,-0.04795122238161564,0.35181418716902485,0.12726578857928375,-0.059427219012149195,0.30989564483077925
qwen38,51,0.796875,0.010246865437541164,0.14380084842936675,0.15504031935911963,-0.15211017736604107,0.448706446281058,0.1608539765583148,-0.054903597657031636,0.3564736913154126,0.12645965288239683,-0.06866589189607805,0.3120748242247976
qwen38,52,0.8125,0.01082447660075081,0.1472549921113348,0.1401316395961665,-0.16057474264915908,0.4303875201147892,0.1817054179640223,-0.016903085094570332,0.36716718730968,0.15963554162065355,-0.030614836764950356,0.34378065281681836
qwen38,53,0.828125,0.011601970445096643,0.15252490623867143,0.12987052101626972,-0.1655221705878293,0.4189562130992468,0.1817054179640223,-0.016903085094570332,0.36716718730968,0.16029112151351688,-0.02924342196987033,0.34424974555135096
qwen38,54,0.84375,0.012083476373489943,0.15585922290202306,0.13501559097895735,-0.16055574672089595,0.4234742728269034,0.19659930468238476,0.012262786789699318,0.3717150034221176,0.17651602273087647,-0.0024231669993792196,0.3436082783879185
qwen38,55,0.859375,0.01140429432563067,0.1510317489600129,0.1300322113696499,-0.16548022137769852,0.41655766286167467,0.1817054179640223,0.0033685729728977747,0.359039194441129,0.16313804552941336,-0.01273560035627393,0.3323386688355523
qwen38,56,0.875,0.013070449961427533,0.1616904453952112,0.12266493552460885,-0.17374003761144177,0.4091872207923969,0.19659930468238476,0.012262786789699318,0.3717150034221176,0.17092284013302975,-0.00625001890078799,0.3375998383717628
qwen38,57,0.890625,0.012850716696460818,0.16043211851843475,0.12283906359747981,-0.1715689292127488,0.408776030798138,0.1787266406203498,0.0069006555934235415,0.34620701034520274,0.16063007191447654,-0.006513923270573461,0.3187345895049105
qwen38,58,0.90625,0.012761316208732443,0.15978737619065594,0.12179429516025396,-0.17373643628022867,0.40769086147946343,0.19659930468238476,0.012262786789699318,0.3717150034221176,0.17763200801582477,-0.0021057112771444763,0.3456668287373387
qwen38,59,0.921875,0.010756779623734891,0.14840503803346758,0.1334525842296155,-0.1613690344255577,0.4176250662096324,0.19362052733871227,0.013093073414159544,0.36700250650274413,0.16765010667823618,-0.016493062766912744,0.32555366575251926
qwen38,60,0.9375,0.01363132980644216,0.16530165194238805,0.11611025735296567,-0.17587919521383188,0.40113726833052743,0.1817054179640223,0.0033685729728977747,0.359039194441129,0.15591698116295177,-0.01677828360147543,0.32206321688959844
qwen38,61,0.953125,0.012932027502962462,0.1610067071781099,0.13298409679546264,-0.16555228139036415,0.41895608655964567,0.20851441405707474,0.03398311696814266,0.37894101637870825,0.17750788185048316,0.010241594834903195,0.3361207692005542
qwen38,62,0.96875,0.013617906740709784,0.1651669967048558,0.13967973578800136,-0.15795639617897161,0.42396783206477334,0.20851441405707474,0.03398311696814266,0.37894101637870825,0.17963554874104629,0.010386400042410926,0.34211654095896143
qwen38,63,0.984375,0.012733730551851563,0.15976724706558504,0.15711327260758362,-0.14243110667869696,0.442013678137114,0.19362052733871227,0.006887858344837942,0.3760813940934101,0.161409917668081,-0.01484793477680889,0.3368296799113772
qwen38,64,1.0,0.013279450577565521,0.163098922927188,0.16549629554437204,-0.1381661866082117,0.4496297418113039,0.19362052733871227,0.006887858344837942,0.3760813940934101,0.16218202344302593,-0.015060775585916742,0.33882693944486836
deepseek,0,0.0,0.0,0.0,nan,,,nan,,,nan,,
deepseek,1,0.03125,3.259101817032484e-05,0.008125497247863555,0.1880506112607567,-0.16792891859517395,0.4551182449099232,-0.044668528628363215,-0.2679575381212942,0.20475708983698054,-0.02408075167186631,-0.21019486714820748,0.18037756303348396
deepseek,2,0.0625,8.811618658505216e-05,0.013490048628319916,0.16254693369797615,-0.20200685147538178,0.42351424526503345,-0.10651726057532768,-0.30229073391904854,0.13472661394172156,-0.0876783245714375,-0.2545574831606601,0.11041952285750581
deepseek,3,0.09375,0.00012798716309891933,0.01638531881980449,0.13666875279359827,-0.24699814270223433,0.4036279986484179,-0.09964517924788717,-0.2740839442749087,0.10287414825411069,-0.0705132434850456,-0.21318708279431467,0.08452384901327424
deepseek,4,0.125,0.00024015888377809658,0.022394438196409416,0.16028118848131212,-0.1880649353295842,0.42308533584841274,0.02405228464604173,-0.17872784453270574,0.20701966780270625,0.021119007172563434,-0.1377231961196868,0.1777455042341182
deepseek,5,0.15625,0.0003087474944019064,0.025128829983701025,0.12347999344701108,-0.20907919192491728,0.39353193980229095,0.0034360406637202476,-0.2068487889722654,0.22013981571160288,-0.000687016232898713,-0.17047365835255798,0.1958042544237136
deepseek,6,0.1875,0.0003599770094029342,0.027017103854870266,0.09765798804387278,-0.22582293324305183,0.3659251756418566,-0.017180203318601237,-0.21417659481123533,0.191265539091212,-0.008983190710766285,-0.15021393440551217,0.14549221022146436
deepseek,7,0.21875,0.00050363733407216,0.03174990117348393,0.07375219140524102,-0.2524691628187741,0.35450687796178476,-0.03779644730092272,-0.23385358667337133,0.17963548525562875,-0.029207683977148163,-0.16231315527942194,0.14522160262911354
deepseek,8,0.25,0.00055118215017258,0.03348024150599804,0.09559197794272732,-0.22477294736592662,0.37398498637516964,0.02405228464604173,-0.18675952687646452,0.22677868380553634,0.041000419433844186,-0.09933299676101551,0.20465866160526494
deepseek,9,0.28125,0.0006463062034406941,0.036192969045191314,0.09608507400916386,-0.19652644213709877,0.3567273430466578,0.0034360406637202476,-0.20383395740898694,0.20621003059951443,0.0059168637410573445,-0.14746442024487286,0.16668447707520778
deepseek,10,0.3125,0.0008556196962511975,0.041541271888325154,0.09759557082027323,-0.20080613907371542,0.3629653799083212,0.02405228464604173,-0.2007288578275033,0.2630181347588838,0.031606951759825266,-0.1606091134142377,0.2644629436077825
deepseek,11,0.34375,0.0011070776879080202,0.04726339470534258,0.08368277167993113,-0.2027026947502665,0.34104089815353494,0.02405228464604173,-0.21514114968019088,0.2749545416973504,0.03611397801901936,-0.18560946203421272,0.2744151939003964
deepseek,12,0.375,0.0013424365346862421,0.05186469579428707,0.09091692789512022,-0.20332621888046087,0.35129225006619613,0.0652847726106847,-0.16233478859020373,0.2764127542882732,0.1017713365476829,-0.06454737113968007,0.2845504470628811
deepseek,13,0.40625,0.0015352597482585217,0.05556461069604056,0.09878773979102484,-0.2018910632192819,0.3554666892138972,0.044668528628363215,-0.17227586224622582,0.25102351192020667,0.07984460000357749,-0.07224988369909245,0.24846809126533292
deepseek,14,0.4375,0.0015454565566053735,0.05563340608171154,0.11229482697796979,-0.19812651623528807,0.378151062870154,0.10651726057532768,-0.1350054959326879,0.2973669346106474,0.15550549978683376,-0.01897510787564154,0.3142130130940756
deepseek,15,0.46875,0.0016367288771541033,0.0573201011364197,0.12580191416491474,-0.19077973451101496,0.3897327898273236,0.12713350455764916,-0.1185279144497966,0.3159361774200052,0.1837434767074299,0.009477416438092143,0.330279730098462
deepseek,16,0.5,0.0017178090518649158,0.058691526705750105,0.12580191416491474,-0.197274627926044,0.3916668346383866,0.10651726057532768,-0.1350054959326879,0.2973669346106474,0.1606724542917979,-0.004937081680590913,0.30909173758755837
deepseek,17,0.53125,0.0024342585295419883,0.06990676252065622,0.13210605374847037,-0.17025558784755698,0.37438449218855874,0.10651726057532768,-0.1432669866282177,0.296078262731896,0.13854044891130543,-0.050870142871142304,0.29169018318107137
deepseek,18,0.5625,0.0022886848483672506,0.06768169980183225,0.13965853780401724,-0.1662304996384815,0.3826814312675573,0.08590101659300618,-0.1483034289575684,0.283036905914918,0.12511511146236295,-0.04908045592317979,0.2768286561839804
deepseek,19,0.59375,0.0021091109108691275,0.06522281994983084,0.14796627026511877,-0.16194057765366954,0.3879016522952615,0.0652847726106847,-0.15790840679034454,0.24418775438949133,0.09148413938953565,-0.06528148641611288,0.21239921459425706
deepseek,20,0.625,0.002112234719356787,0.06519547746429749,0.12037161571175295,-0.17221544149268145,0.3548384678231254,0.044668528628363215,-0.16903085094570333,0.22268454372010343,0.06685014128264755,-0.07728917228000717,0.17249382330459717
deepseek,21,0.65625,0.002112619321813336,0.06511485175452417,0.11642060545790076,-0.16894598676769418,0.3466880416619984,0.05841269128324421,-0.17764695763913763,0.24876839486903132,0.07743520911178936,-0.09840999507017796,0.2055359878464928
deepseek,22,0.6875,0.00213834233805299,0.06554711150949556,0.11508487687287015,-0.17429482847008973,0.3519147214475786,0.0652847726106847,-0.15790840679034454,0.24876839486903132,0.08316888911736268,-0.0755652188467322,0.20203877373152324
deepseek,23,0.71875,0.002073120717122068,0.0644184693699494,0.12037161571175295,-0.16541419435295415,0.34928264940653025,0.044668528628363215,-0.16903085094570333,0.22268454372010343,0.05553207769124885,-0.09321820672715388,0.16352175265747862
deepseek,24,0.75,0.0019801107197569,0.06297405698411987,0.12943459657840917,-0.16024335274272908,0.36259051957548183,0.044668528628363215,-0.16903085094570333,0.22268454372010343,0.054988354482829516,-0.09395244027174869,0.16279366926873856
deepseek,25,0.78125,0.0019007041887413867,0.061770066377402094,0.13094509338951854,-0.16413380723282456,0.3706165998571378,0.0652847726106847,-0.15790840679034454,0.24876839486903132,0.07786633521585089,-0.080439561599383,0.19568666838009047
deepseek,26,0.8125,0.0019075642239219648,0.061805166821120576,0.1279240997672998,-0.16051969269560268,0.3658662286615381,0.12713350455764916,-0.1230249370458491,0.315120471969219,0.15447426371307812,-0.04542165673589324,0.30245308627805967
deepseek,27,0.84375,0.001737504645128729,0.0590268435355491,0.12716885136174513,-0.15444360589142836,0.35983458286384606,0.10651726057532768,-0.13816985594155148,0.30550504633038933,0.13076638776280708,-0.06072010805210464,0.2775133891182608
deepseek,28,0.875,0.001791266331486574,0.05992067478411833,0.12867934817285448,-0.15268059306069917,0.3560961649881549,0.08590101659300618,-0.15170061442949279,0.2834733547569204,0.1073744368017417,-0.07877681088940856,0.2536262776685737
deepseek,29,0.90625,0.0019097156741759713,0.061864544103180076,0.13018984498396385,-0.15378285496622005,0.3631185809897323,0.08590101659300618,-0.15170061442949279,0.2834733547569204,0.10926889413331958,-0.07595830740344683,0.2576324145848615
deepseek,30,0.9375,0.001959698713114244,0.06268244174853885,0.11961636730619826,-0.14730601679940403,0.3440497934579741,0.08933705725672643,-0.1283805526261083,0.30550504633038933,0.10358374538826919,-0.09092347101606625,0.28731447109442315
deepseek,31,0.96875,0.0018060390771528767,0.06025449689931067,0.13161295768203385,-0.1335852328718856,0.3595716703226139,0.10995330123904792,-0.09958705948858224,0.30550504633038933,0.12986200128343708,-0.041756084676250985,0.295768469883237
deepseek,32,1.0,0.0010732469264019828,0.0467588990734616,0.1233052252209323,-0.13799783492441658,0.34822840634210067,0.08933705725672643,-0.11884984845689814,0.2927700218845599,0.1002157181257998,-0.07955189644456566,0.2817734330284499
