model,family_id,n_task_runs_per_condition,nl_only_A,nl_only_B,nl_only_neither,tests_a_A,tests_a_B,tests_a_neither,tests_a_visible_pass,tests_b_A,tests_b_B,tests_b_neither,tests_b_visible_pass,explicit_a_target_pass,explicit_b_target_pass,paired_switch
qwen25,argmax_tie,18,18,0,0,18,0,0,18,18,0,0,0,18,0,0
qwen25,dedup_order,18,0,0,18,0,0,18,0,0,0,18,0,18,18,0
qwen25,duplicate_policy,18,18,0,0,18,0,0,18,18,0,0,0,18,18,0
qwen25,empty_segments,18,18,0,0,15,3,0,15,0,18,0,18,0,18,15
qwen25,graph_direction,18,0,0,18,0,3,15,0,0,4,14,18,18,0,0
qwen25,group_count,18,18,0,0,11,7,0,11,18,0,0,0,18,0,0
qwen25,integer_rounding,18,18,0,0,18,0,0,18,18,0,0,0,18,0,0
qwen25,interval_boundary,18,18,0,0,18,0,0,18,18,0,0,0,18,18,0
qwen25,median_choice,18,0,0,18,0,0,18,0,0,0,18,0,18,18,0
qwen25,merge_touching,18,18,0,0,18,0,0,18,18,0,0,0,18,0,0
qwen25,normalization,18,3,0,15,18,0,0,18,18,0,0,0,0,18,0
qwen25,partial_chunk,18,18,0,0,18,0,0,18,9,9,0,9,18,18,9
qwen25,remainder_sign,18,18,0,0,18,0,0,18,18,0,0,0,18,0,0
qwen25,search_index,18,18,0,0,18,0,0,18,12,6,0,6,18,18,6
qwen25,sort_ties,18,18,0,0,18,0,0,18,18,0,0,0,18,18,0
qwen25,space_fields,18,0,18,0,0,18,0,0,0,18,0,18,0,18,0
qwen25,substring_case,18,18,0,0,18,0,0,18,18,0,0,0,18,18,0
qwen25,substring_overlap,18,0,18,0,18,0,0,18,18,0,0,0,18,18,0
qwen25,threshold_boundary,18,18,0,0,18,0,0,18,12,6,0,6,16,18,6
qwen25,topk_ties,18,18,0,0,6,12,0,6,3,15,0,15,18,0,4
qwen35,argmax_tie,18,18,0,0,18,0,0,18,18,0,0,0,18,18,0
qwen35,dedup_order,18,18,0,0,18,0,0,18,0,18,0,18,18,18,18
qwen35,duplicate_policy,18,18,0,0,18,0,0,18,15,3,0,3,18,18,3
qwen35,empty_segments,18,18,0,0,15,0,3,15,5,13,0,13,18,18,10
qwen35,graph_direction,18,18,0,0,15,3,0,15,15,3,0,3,18,18,0
qwen35,group_count,18,15,3,0,12,0,6,12,0,18,0,18,18,0,12
qwen35,integer_rounding,18,18,0,0,18,0,0,18,15,3,0,3,18,18,3
qwen35,interval_boundary,18,18,0,0,18,0,0,18,18,0,0,0,18,18,0
qwen35,median_choice,18,0,0,18,1,0,17,4,0,5,13,5,18,18,1
qwen35,merge_touching,18,18,0,0,18,0,0,18,18,0,0,0,18,12,0
qwen35,normalization,18,18,0,0,18,0,0,18,0,18,0,18,18,1,18
qwen35,partial_chunk,18,18,0,0,18,0,0,18,18,0,0,0,18,18,0
qwen35,remainder_sign,18,18,0,0,18,0,0,18,18,0,0,0,18,18,0
qwen35,search_index,18,18,0,0,18,0,0,18,18,0,0,0,18,18,0
qwen35,sort_ties,18,18,0,0,18,0,0,18,18,0,0,0,18,18,0
qwen35,space_fields,18,0,18,0,4,0,14,4,0,18,0,18,18,18,4
qwen35,substring_case,18,18,0,0,18,0,0,18,18,0,0,0,18,18,0
qwen35,substring_overlap,18,18,0,0,18,0,0,18,18,0,0,0,18,18,0
qwen35,threshold_boundary,18,18,0,0,18,0,0,18,15,3,0,3,18,18,3
qwen35,topk_ties,18,18,0,0,18,0,0,18,3,15,0,15,18,18,15
qwen36,argmax_tie,18,18,0,0,18,0,0,18,0,18,0,18,18,18,18
qwen36,dedup_order,18,18,0,0,18,0,0,18,0,18,0,18,18,18,18
qwen36,duplicate_policy,18,18,0,0,18,0,0,18,9,9,0,9,18,18,9
qwen36,empty_segments,18,18,0,0,18,0,0,18,0,18,0,18,18,18,18
qwen36,graph_direction,18,0,18,0,12,6,0,12,3,15,0,15,18,18,9
qwen36,group_count,18,0,18,0,18,0,0,18,0,18,0,18,18,18,18
qwen36,integer_rounding,18,0,18,0,0,18,0,0,3,15,0,15,18,18,0
qwen36,interval_boundary,18,18,0,0,18,0,0,18,18,0,0,0,18,18,0
qwen36,median_choice,18,0,0,18,16,0,2,16,0,17,1,17,18,18,15
qwen36,merge_touching,18,18,0,0,18,0,0,18,18,0,0,0,18,18,0
qwen36,normalization,18,18,0,0,18,0,0,18,0,18,0,18,18,18,18
qwen36,partial_chunk,18,18,0,0,18,0,0,18,3,12,3,15,18,18,12
qwen36,remainder_sign,18,18,0,0,18,0,0,18,18,0,0,0,18,18,0
qwen36,search_index,18,18,0,0,18,0,0,18,12,6,0,6,18,18,6
qwen36,sort_ties,18,18,0,0,18,0,0,18,6,12,0,12,18,18,12
qwen36,space_fields,18,0,18,0,18,0,0,18,0,18,0,18,18,18,18
qwen36,substring_case,18,18,0,0,18,0,0,18,12,6,0,6,18,18,6
qwen36,substring_overlap,18,18,0,0,17,0,1,17,10,8,0,8,18,18,8
qwen36,threshold_boundary,18,18,0,0,18,0,0,18,0,18,0,18,18,18,18
qwen36,topk_ties,18,0,18,0,18,0,0,18,3,15,0,15,18,18,15
qwen38,argmax_tie,18,18,0,0,18,0,0,18,0,18,0,18,18,18,18
qwen38,dedup_order,18,18,0,0,18,0,0,18,0,18,0,18,18,18,18
qwen38,duplicate_policy,18,18,0,0,18,0,0,18,9,9,0,9,18,18,9
qwen38,empty_segments,18,18,0,0,18,0,0,18,0,18,0,18,18,18,18
qwen38,graph_direction,18,0,18,0,6,12,0,6,1,17,0,17,18,18,5
qwen38,group_count,18,18,0,0,17,0,1,17,0,18,0,18,18,18,17
qwen38,integer_rounding,18,0,18,0,15,3,0,15,2,16,0,16,18,18,13
qwen38,interval_boundary,18,18,0,0,18,0,0,18,15,0,3,0,18,18,0
qwen38,median_choice,18,4,0,14,18,0,0,18,0,18,0,18,18,18,18
qwen38,merge_touching,18,18,0,0,18,0,0,18,18,0,0,0,18,18,0
qwen38,normalization,18,18,0,0,18,0,0,18,0,18,0,18,18,18,18
qwen38,partial_chunk,18,18,0,0,18,0,0,18,3,15,0,15,18,18,15
qwen38,remainder_sign,18,18,0,0,18,0,0,18,6,12,0,12,18,18,12
qwen38,search_index,18,18,0,0,18,0,0,18,15,3,0,3,18,18,3
qwen38,sort_ties,18,18,0,0,18,0,0,18,0,18,0,18,18,18,18
qwen38,space_fields,18,1,17,0,18,0,0,18,0,18,0,18,18,18,18
qwen38,substring_case,18,18,0,0,18,0,0,18,18,0,0,0,18,18,0
qwen38,substring_overlap,18,18,0,0,18,0,0,18,17,1,0,1,18,18,1
qwen38,threshold_boundary,18,18,0,0,18,0,0,18,0,18,0,18,18,18,18
qwen38,topk_ties,18,18,0,0,18,0,0,18,0,18,0,18,18,18,18
deepseek,argmax_tie,18,18,0,0,18,0,0,18,18,0,0,0,18,18,0
deepseek,dedup_order,18,0,0,18,6,0,12,6,0,3,15,3,18,18,3
deepseek,duplicate_policy,18,18,0,0,18,0,0,18,18,0,0,0,18,0,0
deepseek,empty_segments,18,18,0,0,15,0,3,15,0,18,0,18,14,18,15
deepseek,graph_direction,18,0,3,15,0,1,17,0,0,6,12,18,0,0,0
deepseek,group_count,18,0,0,18,0,18,0,0,0,18,0,18,0,0,0
deepseek,integer_rounding,18,18,0,0,18,0,0,18,18,0,0,0,18,0,0
deepseek,interval_boundary,18,18,0,0,18,0,0,18,18,0,0,0,18,0,0
deepseek,median_choice,18,0,0,18,0,0,18,3,0,0,18,0,0,0,0
deepseek,merge_touching,18,18,0,0,18,0,0,18,18,0,0,0,18,0,0
deepseek,normalization,18,0,0,18,18,0,0,18,9,9,0,9,0,18,9
deepseek,partial_chunk,18,18,0,0,18,0,0,18,15,3,0,3,18,0,3
deepseek,remainder_sign,18,18,0,0,18,0,0,18,18,0,0,0,18,0,0
deepseek,search_index,18,18,0,0,18,0,0,18,12,6,0,6,18,18,6
deepseek,sort_ties,18,18,0,0,0,18,0,0,0,18,0,18,18,18,0
deepseek,space_fields,18,18,0,0,0,18,0,0,0,18,0,18,0,12,0
deepseek,substring_case,18,18,0,0,18,0,0,18,13,0,5,0,18,0,0
deepseek,substring_overlap,18,0,18,0,4,11,3,4,0,15,3,15,18,0,4
deepseek,threshold_boundary,18,18,0,0,12,0,6,12,18,0,0,0,0,18,0
deepseek,topk_ties,18,18,0,0,18,0,0,18,18,0,0,0,18,18,0
